cell,l1
AAACCCATCCCTCTCC-1,Oligodendrocytes
AAACGAACACTGGCCA-1,Vascular
AAACGAATCAAAGACA-1,Astrocytes
AAACGAATCTCTGGTC-1,Astrocytes
AAACGAATCTTTGATC-1,Oligodendrocytes
AAACGCTAGCTGCCAC-1,Oligodendrocytes
AAACGCTAGGCTGGAT-1,Microglia
AAACGCTTCTGTACAG-1,Oligodendrocytes
AAAGAACTCACGGTCG-1,Excitatory
AAAGAACTCTCTATGT-1,Oligodendrocyte Precursors
AAAGAACTCTCTCAAT-1,Microglia
AAAGGATAGAAACTAC-1,Oligodendrocyte Precursors
AAAGGGCAGCTGAGTG-1,Vascular
AAAGGGCGTGTTAAAG-1,Oligodendrocytes
AAAGGGCGTTTCACTT-1,Astrocytes
AAAGGTAAGTGGTTAA-1,Astrocytes
AAAGGTACAAGCCTGC-1,Vascular
AAAGGTACAGCAGTAG-1,Oligodendrocyte Precursors
AAAGGTACAGGTTTAC-1,Astrocytes
AAAGGTAGTCTGTTAG-1,Microglia
AAAGGTAGTGTCTTGA-1,Microglia
AAAGGTAGTTCCTACC-1,Oligodendrocytes
AAAGTCCAGACGCAGT-1,Oligodendrocytes
AAAGTCCCAGACCAAG-1,Oligodendrocytes
AAAGTCCGTAGCGTTT-1,Oligodendrocyte Precursors
AAAGTCCTCATGGATC-1,Oligodendrocytes
AAAGTCCTCTGAGTCA-1,Astrocytes
AAAGTGAAGCCTTTGA-1,Oligodendrocytes
AAAGTGACAGTTGAAA-1,Oligodendrocytes
AAAGTGATCAAAGGAT-1,Oligodendrocytes
AAATGGACAGCTTCGG-1,Oligodendrocyte Precursors
AAATGGACATATGCGT-1,Microglia
AAATGGAGTTCTTAGG-1,Oligodendrocytes
AACAAAGAGAATTCAG-1,Oligodendrocytes
AACAAAGCAGCGTGCT-1,Vascular
AACAACCAGGTTTACC-1,Microglia
AACAACCCACCCAAGC-1,Oligodendrocytes
AACAACCCACTGCGAC-1,Oligodendrocytes
AACAAGAAGAGTCTGG-1,Oligodendrocytes
AACAAGAAGCGAAACC-1,Astrocytes
AACAAGACACCTGCGA-1,Astrocytes
AACAAGACAGATTAAG-1,Inhibitory
AACACACGTATACCCA-1,Astrocytes
AACAGGGAGCCTGCCA-1,Astrocytes
AACAGGGCAGCACAGA-1,Oligodendrocytes
AACAGGGCAGTTTCGA-1,Inhibitory
AACCAACAGATGAACT-1,Oligodendrocytes
AACCAACAGGACTAAT-1,Oligodendrocytes
AACCAACCACTGCGAC-1,Oligodendrocytes
AACCACAGTAGCTCGC-1,Astrocytes
AACCACAGTGACTAAA-1,Oligodendrocytes
AACCACATCTCATAGG-1,Oligodendrocyte Precursors
AACCCAAAGATGAAGG-1,Oligodendrocytes
AACCCAATCAGGACAG-1,Excitatory
AACCCAATCCTCACTG-1,Oligodendrocyte Precursors
AACCTGAAGCTTGTGT-1,Astrocytes
AACCTGAAGTGGACTG-1,Microglia
AACCTTTAGTAGGATT-1,Oligodendrocytes
AACCTTTCAGTAGGAC-1,Oligodendrocytes
AACCTTTTCTTACGTT-1,Oligodendrocytes
AACGAAAAGGGCCCTT-1,Astrocytes
AACGAAACATAATGAG-1,Astrocytes
AACGAAATCGTGGCGT-1,Astrocytes
AACGGGACAGGAATCG-1,Astrocytes
AACGTCATCTGAACGT-1,Astrocytes
AACTTCTGTTGCTGAT-1,Astrocytes
AACTTCTTCAGCGCGT-1,Oligodendrocytes
AACTTCTTCCTCTTTC-1,Oligodendrocytes
AACTTCTTCTGGCTGG-1,Astrocytes
AAGAACAAGCCAAGGT-1,Astrocytes
AAGAACAGTACATACC-1,Microglia
AAGACAAGTGCATTAC-1,Oligodendrocytes
AAGACAATCATTCGTT-1,Astrocytes
AAGACTCGTATTCCTT-1,Vascular
AAGACTCTCAAAGAAC-1,Astrocytes
AAGATAGGTATTGAGA-1,Oligodendrocytes
AAGCATCTCTCACCCA-1,Astrocytes
AAGCATCTCTGCAGCG-1,Oligodendrocytes
AAGCCATGTAACGATA-1,Microglia
AAGCCATGTTATGGTC-1,Astrocytes
AAGCCATTCATGCCCT-1,Astrocytes
AAGCGAGAGTACAGCG-1,Astrocytes
AAGCGAGCACGCGTGT-1,Oligodendrocytes
AAGCGAGCAGTGTGGA-1,Oligodendrocytes
AAGCGAGGTATGAAAC-1,Oligodendrocytes
AAGCGAGGTTATAGCC-1,Microglia
AAGCGAGTCCGAGGCT-1,Oligodendrocytes
AAGCGAGTCGGAGCAA-1,Astrocytes
AAGCGTTAGGATCATA-1,Oligodendrocytes
AAGCGTTAGGGCAGGA-1,Microglia
AAGCGTTTCAACCTTT-1,Oligodendrocytes
AAGCGTTTCTCGGTCT-1,Oligodendrocytes
AAGGAATCAAGTCCAT-1,Oligodendrocytes
AAGGAATCAAGTTCGT-1,Inhibitory
AAGGAATCATTGCCTC-1,Microglia
AAGGAATGTCCTCAGG-1,Microglia
AAGGTAACACCGGAAA-1,Microglia
AAGGTAACACTAGGTT-1,Microglia
AAGGTAACAGACCTGC-1,Oligodendrocytes
AAGGTAAGTTAAACAG-1,Microglia
AAGGTAAGTTGTGCCG-1,Microglia
AAGTGAACATCGGCCA-1,Oligodendrocytes
AAGTGAATCATACGGT-1,Vascular
AAGTGAATCATGCATG-1,Microglia
AAGTGAATCGACACTA-1,Microglia
AAGTTCGAGCACCCAC-1,Oligodendrocytes
AAGTTCGCAGTGTGGA-1,Microglia
AAGTTCGCATGAAAGT-1,Astrocytes
AAGTTCGCATGCTGCG-1,Astrocytes
AAGTTCGTCGGAATGG-1,Astrocytes
AATAGAGAGCCTTGAT-1,Oligodendrocytes
AATAGAGAGTAGGATT-1,Vascular
AATAGAGCAGCTCGGT-1,Oligodendrocytes
AATCACGAGCCAGTAG-1,Astrocytes
AATCGACAGATGTTAG-1,Oligodendrocytes
AATCGACCAGATTTCG-1,Oligodendrocytes
AATCGACGTTAGTTCG-1,Oligodendrocytes
AATCGACGTTTCAGAC-1,Oligodendrocytes
AATCGTGGTACGGCAA-1,Astrocytes
AATCGTGGTTATGTGC-1,Oligodendrocytes
AATGAAGCATCCGGTG-1,Microglia
AATGAAGGTGTTAACC-1,Oligodendrocyte Precursors
AATGAAGTCTTTCGAT-1,Oligodendrocytes
AATGAAGTCTTTGCTA-1,Oligodendrocytes
AATGACCCACGAGGAT-1,Microglia
AATGACCCACGCACCA-1,Oligodendrocyte Precursors
AATGACCGTCGGCACT-1,Oligodendrocyte Precursors
AATGACCTCGGCATCG-1,Astrocytes
AATGCCAAGACGGTTG-1,Oligodendrocytes
AATGCCAAGAGAGGTA-1,Astrocytes
AATGCCAAGCAAACAT-1,Oligodendrocytes
AATGCCACAGTGTGCC-1,Oligodendrocytes
AATGCCAGTCCGATCG-1,Vascular
AATGGAAAGCCATTTG-1,Vascular
AATGGAACACGACAGA-1,Oligodendrocytes
AATGGAACACTCACTC-1,Microglia
AATGGAACACTGGATT-1,Vascular
AATGGAACATATCTCT-1,Oligodendrocyte Precursors
AATGGAATCTATTTCG-1,Microglia
AATGGCTAGTGATAGT-1,Oligodendrocytes
AATGGCTCAGACCGCT-1,Oligodendrocytes
AATTCCTAGTAACGTA-1,Oligodendrocytes
AATTCCTCAGGTCCGT-1,Astrocytes
AATTTCCCAGTCTGGC-1,Inhibitory
AATTTCCGTATGCTTG-1,Oligodendrocyte Precursors
AATTTCCGTGTTCATG-1,Oligodendrocytes
ACAAAGACAGATTCGT-1,Oligodendrocyte Precursors
ACAAAGACATCAGCTA-1,Microglia
ACAAAGATCACCTGTC-1,Oligodendrocyte Precursors
ACAAAGATCAGCAATC-1,Astrocytes
ACAAAGATCTCGGTCT-1,Astrocytes
ACAACCAAGGATACAT-1,Inhibitory
ACAACCAGTATACAGA-1,Oligodendrocyte Precursors
ACAACCAGTCCTGGGT-1,Oligodendrocytes
ACAACCAGTCGGTAAG-1,Oligodendrocytes
ACAACCATCGTCCTTG-1,Astrocytes
ACAAGCTAGGTCATTC-1,Microglia
ACAAGCTGTCTTAGTG-1,Oligodendrocytes
ACAAGCTGTGGACAGT-1,Oligodendrocytes
ACAAGCTTCCAAGAGG-1,Oligodendrocyte Precursors
ACAAGCTTCGGAAACG-1,Microglia
ACACAGTAGATCGCCC-1,Astrocytes
ACACCAACAAGAGCTG-1,Oligodendrocytes
ACACCAAGTAGGCTCC-1,Oligodendrocytes
ACACCAAGTCAAAGTA-1,Oligodendrocytes
ACACGCGCAACCCGCA-1,Excitatory
ACACGCGCAGGTACGA-1,Oligodendrocytes
ACACTGAAGGGATGTC-1,Oligodendrocytes
ACACTGATCTGAGATC-1,Oligodendrocyte Precursors
ACAGAAATCGTAGTGT-1,Vascular
ACAGCCGAGCCAAGGT-1,Microglia
ACAGCCGGTCTCTCAC-1,Oligodendrocytes
ACAGCCGGTTACACAC-1,Microglia
ACAGCCGGTTACCCAA-1,Oligodendrocytes
ACAGGGAAGGCACAAC-1,Oligodendrocytes
ACAGGGACAAAGGCTG-1,Astrocytes
ACAGGGACAGATCCAT-1,Inhibitory
ACAGGGACAGGAAGTC-1,Microglia
ACAGGGACATGGCCAC-1,Oligodendrocytes
ACAGGGATCATCAGTG-1,Oligodendrocytes
ACATCCCCAAAGGGTC-1,Oligodendrocytes
ACATCCCCACAGTGTT-1,Oligodendrocytes
ACATCGAAGCCAAGTG-1,Oligodendrocytes
ACATCGACACAAGGTG-1,Microglia
ACATCGACATGAGATA-1,Inhibitory
ACATGCACAACCGTGC-1,Oligodendrocytes
ACATGCACATTGTAGC-1,Microglia
ACATGCAGTGTCTCCT-1,Astrocytes
ACATGCAGTGTCTTGA-1,Oligodendrocytes
ACATGCAGTGTGTGGA-1,Microglia
ACATGCATCAGCGTCG-1,Oligodendrocytes
ACATTTCGTTCGCGTG-1,Microglia
ACATTTCTCATAGGCT-1,Oligodendrocytes
ACATTTCTCTCTAAGG-1,Astrocytes
ACCAAACGTGACCTGC-1,Microglia
ACCAAACTCGTTCAGA-1,Microglia
ACCAACATCACTTGGA-1,Oligodendrocytes
ACCACAACACTACACA-1,Astrocytes
ACCACAACAGTAACCT-1,Oligodendrocytes
ACCACAAGTTTGACAC-1,Oligodendrocytes
ACCATTTCAACGTTAC-1,Astrocytes
ACCATTTCACAGAAGC-1,Oligodendrocytes
ACCATTTCAGAGCTAG-1,Oligodendrocytes
ACCATTTGTCAACACT-1,Oligodendrocytes
ACCATTTGTTCTTGCC-1,Oligodendrocyte Precursors
ACCCAAAGTGATGGCA-1,Oligodendrocytes
ACCCTCAAGGACTAAT-1,Oligodendrocytes
ACCCTCACAAGTGGAC-1,Astrocytes
ACCCTCAGTACCTAGT-1,Oligodendrocyte Precursors
ACCCTCAGTGGAACCA-1,Astrocytes
ACCCTCATCTACACAG-1,Microglia
ACCCTTGCAATGGCCC-1,Inhibitory
ACCCTTGCATAGATGA-1,Astrocytes
ACCGTTCAGTACGAGC-1,Oligodendrocytes
ACCTACCAGTAGCTCT-1,Oligodendrocytes
ACCTACCGTGAGTTTC-1,Oligodendrocytes
ACCTGAAGTGTCTAAC-1,Oligodendrocytes
ACCTGAATCATTCACT-1,Oligodendrocytes
ACCTGTCTCCCGTTGT-1,Oligodendrocytes
ACGATCAGTATGCGTT-1,Oligodendrocytes
ACGATCAGTATTCTCT-1,Microglia
ACGATCAGTGAGCCAA-1,Oligodendrocytes
ACGATCATCTTCGTGC-1,Oligodendrocytes
ACGATGTAGCATAGGC-1,Oligodendrocytes
ACGATGTCAGGTCAGA-1,Oligodendrocyte Precursors
ACGATGTTCAAGGCTT-1,Astrocytes
ACGCACGCACTGAGGA-1,Oligodendrocytes
ACGCACGTCCCTATTA-1,Microglia
ACGCACGTCTCATTAC-1,Astrocytes
ACGGAAGGTCGTGGAA-1,Oligodendrocytes
ACGGAAGGTCTGTGCG-1,Oligodendrocytes
ACGGAAGGTGTCGCTG-1,Oligodendrocytes
ACGGAAGTCATGCAGT-1,Oligodendrocytes
ACGGGTCAGCAACAAT-1,Astrocytes
ACGGGTCAGTAGCAAT-1,Oligodendrocytes
ACGGGTCCAACAAGAT-1,Oligodendrocyte Precursors
ACGGGTCTCTAATTCC-1,Oligodendrocytes
ACGGTCGGTTCAGCGC-1,Microglia
ACGGTCGTCCGAGATT-1,Inhibitory
ACGGTTAAGGAGATAG-1,Oligodendrocytes
ACGGTTAAGTAGACCG-1,Oligodendrocytes
ACGGTTAGTCGCATGC-1,Oligodendrocytes
ACGGTTATCGTTAGAC-1,Vascular
ACGGTTATCTGGCCAG-1,Oligodendrocytes
ACGTAACAGTATTGCC-1,Microglia
ACGTAACCACTTTAGG-1,Oligodendrocytes
ACGTAACGTAACGTTC-1,Astrocytes
ACGTAACGTAGTCGTT-1,Oligodendrocytes
ACGTACAAGCAAGTCG-1,Oligodendrocytes
ACGTAGTAGCCGAATG-1,Oligodendrocytes
ACGTAGTAGTGACCTT-1,Oligodendrocyte Precursors
ACGTCCTAGCTCATAC-1,Inhibitory
ACGTCCTAGTATCTGC-1,Astrocytes
ACGTCCTCAATACCTG-1,Oligodendrocytes
ACGTCCTGTCTGTTAG-1,Oligodendrocytes
ACGTCCTGTGACCTGC-1,Oligodendrocytes
ACGTTCCCACAGAAGC-1,Astrocytes
ACGTTCCGTCACTTAG-1,Inhibitory
ACTACGAAGAAGCGAA-1,Excitatory
ACTACGACACACCTTC-1,Oligodendrocytes
ACTACGACATATCTGG-1,Oligodendrocytes
ACTACGACATGGAATA-1,Microglia
ACTATGGGTGTTGACT-1,Oligodendrocytes
ACTATGGGTTTACACG-1,Inhibitory
ACTATGGTCTGAGGTT-1,Astrocytes
ACTATTCAGGACGCAT-1,Oligodendrocytes
ACTATTCAGGATATGT-1,Microglia
ACTATTCGTAATCAGA-1,Oligodendrocytes
ACTATTCTCCAGCAAT-1,Oligodendrocyte Precursors
ACTATTCTCCATCTAT-1,Inhibitory
ACTATTCTCTCAGAAC-1,Oligodendrocytes
ACTCCCACAGCAGTTT-1,Excitatory
ACTCTCGCATTGTCGA-1,Astrocytes
ACTCTCGTCACCACAA-1,Inhibitory
ACTGATGAGCTACGTT-1,Oligodendrocytes
ACTGATGAGTCATACC-1,Vascular
ACTGATGCACATGGTT-1,Microglia
ACTGATGTCTACAGGT-1,Vascular
ACTGCAACACGTCATA-1,Oligodendrocytes
ACTGTCCCACGAGGTA-1,Astrocytes
ACTGTGAAGCATTGTC-1,Astrocytes
ACTGTGAGTACCTATG-1,Oligodendrocytes
ACTGTGATCCCAGCGA-1,Oligodendrocytes
ACTTAGGCACAAGCTT-1,Microglia
ACTTAGGTCGTAGGGA-1,Oligodendrocytes
ACTTATCAGACTCCGC-1,Oligodendrocytes
ACTTCCGAGGTCCAGA-1,Astrocytes
ACTTCCGAGGTTTACC-1,Oligodendrocytes
ACTTCCGCAAGTCCAT-1,Vascular
ACTTCGCTCAAAGACA-1,Oligodendrocytes
ACTTTCAAGGATATAC-1,Astrocytes
ACTTTCAGTGTAGGAC-1,Oligodendrocytes
ACTTTCAGTTCGTGCG-1,Astrocytes
ACTTTCATCCTCAGGG-1,Oligodendrocytes
ACTTTGTAGAAGCTGC-1,Astrocytes
ACTTTGTAGAGCAGAA-1,Excitatory
ACTTTGTAGGCCACTC-1,Microglia
ACTTTGTGTACCGGAA-1,Microglia
AGAAATGCACTCTCGT-1,Oligodendrocytes
AGAAATGTCGAAACAA-1,Oligodendrocytes
AGAACAAAGCCTTCTC-1,Oligodendrocyte Precursors
AGAACAACACAACGCC-1,Oligodendrocytes
AGAACAATCGCCGAAC-1,Oligodendrocytes
AGAACCTAGAGAGGTA-1,Vascular
AGAACCTCAAGAGATT-1,Oligodendrocytes
AGAACCTCACGGTCTG-1,Oligodendrocytes
AGAACCTTCATTCCTA-1,Oligodendrocytes
AGAAGCGAGAGAGGTA-1,Oligodendrocyte Precursors
AGAAGCGGTAACGGTG-1,Oligodendrocytes
AGAAGCGGTTCCGCAG-1,Microglia
AGAAGTACAACCGCCA-1,Oligodendrocytes
AGAAGTAGTGTGGACA-1,Astrocytes
AGACAAATCGCCAATA-1,Oligodendrocytes
AGACACTCATCTCATT-1,Oligodendrocytes
AGACCATCAATACCCA-1,Oligodendrocytes
AGACCATCACATGTTG-1,Oligodendrocytes
AGACCATGTACAGTCT-1,Oligodendrocytes
AGACCCGAGTGGTTGG-1,Vascular
AGACCCGCACATACTG-1,Oligodendrocytes
AGACCCGGTAGGTAGC-1,Oligodendrocytes
AGACTCAGTTCAATCG-1,Oligodendrocytes
AGAGAATGTACTGCCG-1,Oligodendrocyte Precursors
AGAGAGCTCCTTCACG-1,Oligodendrocyte Precursors
AGAGCAGAGGCCACCT-1,Astrocytes
AGAGCAGTCAAATGCC-1,Oligodendrocytes
AGAGCAGTCATCAGTG-1,Microglia
AGAGCCCCACCGGCTA-1,Microglia
AGAGCCCCAGGAGGAG-1,Oligodendrocytes
AGATAGAAGTAGCAAT-1,Vascular
AGATAGAGTAGCGTTT-1,Oligodendrocytes
AGATCCAAGCACTAGG-1,Excitatory
AGATCCAAGCTGACAG-1,Oligodendrocytes
AGATCGTCATAGAAAC-1,Astrocytes
AGATGAAAGTTCAACC-1,Oligodendrocytes
AGATGAACACCCTTAC-1,Vascular
AGATGAATCCAACTGA-1,Astrocytes
AGATGAATCGAACGGA-1,Oligodendrocytes
AGATGCTAGGGTCAAC-1,Oligodendrocyte Precursors
AGATGCTCAGTCGTTA-1,Astrocytes
AGATGCTCATAATCCG-1,Astrocytes
AGATGCTTCTAAGCGT-1,Oligodendrocytes
AGCCAATCAAACCACT-1,Astrocytes
AGCCAATCACCTAAAC-1,Oligodendrocytes
AGCCAATGTTAGGGTG-1,Oligodendrocytes
AGCCACGAGATGTTCC-1,Oligodendrocyte Precursors
AGCCACGAGTAACGAT-1,Astrocytes
AGCCACGGTTGGTGTT-1,Excitatory
AGCCAGCCAAAGGGTC-1,Oligodendrocyte Precursors
AGCCAGCGTTGCGGCT-1,Oligodendrocytes
AGCGATTGTGGCGTAA-1,Oligodendrocytes
AGCGATTGTTTGCAGT-1,Oligodendrocytes
AGCGATTTCCCATTTA-1,Oligodendrocytes
AGCGCCAAGCTAATCC-1,Oligodendrocytes
AGCGCTGCAGAGCTAG-1,Oligodendrocytes
AGCGCTGTCTAGCATG-1,Astrocytes
AGCGTATGTCGGATTT-1,Oligodendrocytes
AGCGTCGAGCAAGTGC-1,Oligodendrocytes
AGCTACAAGCACCGTC-1,Oligodendrocytes
AGCTACACACCCTATC-1,Oligodendrocytes
AGCTACAGTCGGATTT-1,Oligodendrocytes
AGCTACATCCTATTGT-1,Inhibitory
AGCTCAACAAGAGGCT-1,Oligodendrocytes
AGCTCAACACACCGAC-1,Astrocytes
AGCTTCCAGACCAAAT-1,Oligodendrocytes
AGCTTCCGTGTTCCTC-1,Oligodendrocytes
AGCTTCCTCCTACACC-1,Oligodendrocyte Precursors
AGCTTCCTCGTCAAAC-1,Oligodendrocytes
AGGAAATAGGGCCCTT-1,Excitatory
AGGAAATCAACAGCCC-1,Oligodendrocytes
AGGAAATCAGATCATC-1,Oligodendrocytes
AGGAAATCATAAGCGG-1,Vascular
AGGAATACAATTAGGA-1,Oligodendrocytes
AGGAATAGTATCGCTA-1,Astrocytes
AGGAATATCTCGTGAA-1,Oligodendrocytes
AGGACGAGTCTGTGAT-1,Oligodendrocytes
AGGACGAGTTAGCTAC-1,Oligodendrocytes
AGGACTTCAAATACGA-1,Astrocytes
AGGACTTTCGTCTACC-1,Astrocytes
AGGAGGTCACAAGTGG-1,Astrocytes
AGGAGGTCATCTTCGC-1,Oligodendrocytes
AGGAGGTGTCCGGACT-1,Oligodendrocytes
AGGAGGTTCATGAAAG-1,Microglia
AGGATAATCTGTGCAA-1,Astrocytes
AGGATCTCAGCACAAG-1,Oligodendrocyte Precursors
AGGATCTGTTAACAGA-1,Oligodendrocytes
AGGCATTAGAGGACTC-1,Astrocytes
AGGCATTAGTCCCAAT-1,Oligodendrocytes
AGGCATTCAATCTCTT-1,Astrocytes
AGGCCACCATGACTAC-1,Microglia
AGGCCACGTATAGGAT-1,Oligodendrocytes
AGGCTGCAGCTAGTTC-1,Oligodendrocytes
AGGGAGTAGTAGCTCT-1,Inhibitory
AGGGAGTGTGAACCGA-1,Astrocytes
AGGGAGTTCCTCAGGG-1,Oligodendrocytes
AGGGCCTCAAAGAGTT-1,Astrocytes
AGGGCCTTCACCTGTC-1,Oligodendrocytes
AGGGCCTTCCGATTAG-1,Microglia
AGGGCTCAGCCGATTT-1,Astrocytes
AGGGCTCCACTGCTTC-1,Astrocytes
AGGGCTCCATCGGTTA-1,Oligodendrocytes
AGGGCTCGTCCGAAGA-1,Vascular
AGGGCTCTCCATAGAC-1,Oligodendrocyte Precursors
AGGGTGAAGTATCTGC-1,Astrocytes
AGGGTGAGTACTAGCT-1,Oligodendrocytes
AGGGTGAGTCTGTGGC-1,Oligodendrocytes
AGGGTGAGTGGCCCAT-1,Vascular
AGGGTTTAGCCTCAAT-1,Oligodendrocytes
AGGGTTTCACCTGATA-1,Oligodendrocytes
AGGTAGGTCGTTGTTT-1,Oligodendrocytes
AGGTCATAGGATACGC-1,Astrocytes
AGGTCATCAAGGACAC-1,Oligodendrocytes
AGGTCATTCATGCCCT-1,Oligodendrocytes
AGGTCTACACAAGTGG-1,Oligodendrocytes
AGGTGTTAGGTGCTAG-1,Microglia
AGGTGTTCAGTAGTGG-1,Oligodendrocytes
AGGTGTTTCCGTAGGC-1,Astrocytes
AGGTTACAGCCTGAAG-1,Microglia
AGGTTACTCGCCTTTG-1,Vascular
AGGTTGTCAAATCGTC-1,Microglia
AGGTTGTCACATGAAA-1,Microglia
AGGTTGTGTTACGATC-1,Oligodendrocytes
AGGTTGTTCGTAGGAG-1,Vascular
AGTAACCAGAAGTCCG-1,Oligodendrocytes
AGTACCACAATCGCAT-1,Oligodendrocytes
AGTACCAGTCTACATG-1,Oligodendrocytes
AGTACTGAGACTTCGT-1,Astrocytes
AGTACTGAGTAATTGG-1,Microglia
AGTACTGAGTAGCAAT-1,Vascular
AGTACTGCAGCGTGAA-1,Oligodendrocyte Precursors
AGTACTGCAGGTCTCG-1,Oligodendrocytes
AGTACTGGTCCGGATC-1,Oligodendrocytes
AGTACTGTCTTGGAAC-1,Oligodendrocytes
AGTAGTCCACTCTCGT-1,Oligodendrocytes
AGTAGTCTCAGTGTTG-1,Microglia
AGTCAACAGACTACCT-1,Oligodendrocytes
AGTCAACCACCAGGTC-1,Astrocytes
AGTCACATCACCTCTG-1,Oligodendrocytes
AGTCATGCAGTGGTGA-1,Vascular
AGTCATGTCAGAATAG-1,Microglia
AGTCTCCGTGATTAGA-1,Oligodendrocytes
AGTCTCCTCACATCAG-1,Oligodendrocytes
AGTCTCCTCCGTCCTA-1,Oligodendrocytes
AGTCTCCTCGCAGATT-1,Microglia
AGTGACTGTTTCGGCG-1,Microglia
AGTGACTTCATAGCAC-1,Oligodendrocytes
AGTGATCCAGTTGTTG-1,Oligodendrocytes
AGTGCCGAGCGGTAAC-1,Astrocytes
AGTGCCGTCGCGATCG-1,Astrocytes
AGTGCCGTCGGTGAAG-1,Microglia
AGTGTTGCACATTCTT-1,Oligodendrocytes
AGTGTTGGTTAAACAG-1,Oligodendrocytes
AGTGTTGTCCCTCTCC-1,Vascular
AGTGTTGTCGAGTGAG-1,Oligodendrocytes
AGTGTTGTCGCATAGT-1,Oligodendrocytes
AGTTAGCAGAATCGAT-1,Oligodendrocytes
AGTTAGCGTAGACTGG-1,Astrocytes
AGTTAGCTCTTCGTAT-1,Oligodendrocytes
AGTTCCCAGTATGGCG-1,Microglia
AGTTCCCCAAGAGTAT-1,Vascular
AGTTCCCTCACAACCA-1,Excitatory
AGTTCGACATCTAGAC-1,Oligodendrocytes
AGTTCGATCCAGTGTA-1,Vascular
AGTTCGATCTTCGACC-1,Oligodendrocytes
ATACCGAAGGAACTCG-1,Astrocytes
ATACCGACAGGCATTT-1,Astrocytes
ATACCGATCTGTGTGA-1,Oligodendrocytes
ATACTTCCACGTTCGG-1,Microglia
ATACTTCTCGCTGCGA-1,Oligodendrocytes
ATAGAGATCCCTGTTG-1,Oligodendrocytes
ATAGGCTAGTAGCCAG-1,Oligodendrocytes
ATAGGCTGTAGACAGC-1,Astrocytes
ATATCCTCAACGGTAG-1,Oligodendrocytes
ATCACAGAGATGAATC-1,Oligodendrocytes
ATCACAGAGGAACGCT-1,Oligodendrocytes
ATCACAGCAAGTATAG-1,Microglia
ATCACGACAAACCATC-1,Microglia
ATCACGACACATCCCT-1,Oligodendrocyte Precursors
ATCACGACATGCTGCG-1,Astrocytes
ATCACGACATTGGATC-1,Microglia
ATCACGATCCGGCTTT-1,Microglia
ATCAGGTAGTCCCGGT-1,Astrocytes
ATCAGGTTCTTCGCTG-1,Oligodendrocytes
ATCATTCAGGCGCTTC-1,Astrocytes
ATCATTCCACACCTGG-1,Astrocytes
ATCATTCGTAGAATGT-1,Microglia
ATCATTCTCCGTGTCT-1,Inhibitory
ATCATTCTCGTTCTGC-1,Oligodendrocytes
ATCCACCAGTGGATAT-1,Oligodendrocyte Precursors
ATCCACCCACCGTGGT-1,Vascular
ATCCACCGTTCATCTT-1,Excitatory
ATCCATTAGTAGTCCT-1,Oligodendrocytes
ATCCATTGTTATAGAG-1,Oligodendrocytes
ATCCATTTCTCGGGAC-1,Oligodendrocytes
ATCCCTGAGAACCCGA-1,Oligodendrocyte Precursors
ATCCCTGAGCCATTCA-1,Excitatory
ATCCCTGAGCGCTGCT-1,Oligodendrocytes
ATCCCTGAGTTGTCAC-1,Microglia
ATCCTATGTGCATCTA-1,Oligodendrocyte Precursors
ATCCTATTCCGGACTG-1,Astrocytes
ATCCTATTCTTTCCAA-1,Oligodendrocytes
ATCGATGAGAGCTGAC-1,Oligodendrocytes
ATCGATGAGTCCTACA-1,Vascular
ATCGATGCAACCTAAC-1,Inhibitory
ATCGATGGTAAGCAAT-1,Microglia
ATCGATGGTCCGAAAG-1,Astrocytes
ATCGATGGTTTACCAG-1,Oligodendrocyte Precursors
ATCGATGTCGCGTGAC-1,Oligodendrocytes
ATCGCCTAGTGGTGGT-1,Oligodendrocytes
ATCGCCTTCCGCGGAT-1,Astrocytes
ATCGGATCACTACTTT-1,Oligodendrocyte Precursors
ATCGGATGTTCGAAGG-1,Vascular
ATCGGATTCAAGAGTA-1,Excitatory
ATCGGATTCACGGTCG-1,Oligodendrocytes
ATCGGCGAGGTAAGAG-1,Oligodendrocytes
ATCGGCGCAACAACAA-1,Oligodendrocytes
ATCGGCGTCAAAGGTA-1,Oligodendrocytes
ATCGGCGTCCGGGACT-1,Oligodendrocytes
ATCGGCGTCGAAACAA-1,Astrocytes
ATCGTCCGTATCGCGC-1,Oligodendrocytes
ATCGTCCGTCCGAAAG-1,Oligodendrocytes
ATCGTCCGTGGCCTCA-1,Oligodendrocytes
ATCGTCCTCAAGTTGC-1,Microglia
ATCGTCCTCAGAGTGG-1,Oligodendrocytes
ATCGTCCTCATCGCAA-1,Astrocytes
ATCGTCCTCCTTATAC-1,Oligodendrocytes
ATCGTCCTCTGGCCTT-1,Oligodendrocytes
ATCGTGACAATAGTAG-1,Oligodendrocytes
ATCGTGACAATTTCCT-1,Oligodendrocyte Precursors
ATCGTGATCTGCGATA-1,Oligodendrocytes
ATCTCTAAGCATTTGC-1,Oligodendrocytes
ATCTCTAAGGTGCCTC-1,Oligodendrocytes
ATCTCTACAGATCATC-1,Microglia
ATCTTCACAAGCTACT-1,Astrocytes
ATCTTCACACCGTGAC-1,Microglia
ATGAAAGCAAGAGAGA-1,Astrocytes
ATGAAAGGTCATACCA-1,Vascular
ATGAAAGTCATGGAGG-1,Vascular
ATGAAAGTCGCTGTTC-1,Oligodendrocyte Precursors
ATGAAAGTCGTTGCCT-1,Oligodendrocytes
ATGACCAAGCCAACCC-1,Oligodendrocytes
ATGACCAAGGTGATAT-1,Oligodendrocytes
ATGACCACAAGTGTCT-1,Oligodendrocytes
ATGACCACACCAGTAT-1,Microglia
ATGACCAGTCAGTCTA-1,Oligodendrocytes
ATGAGGGCAGAGGGTT-1,Astrocytes
ATGAGTCCATGAGATA-1,Microglia
ATGAGTCGTAGCTTGT-1,Oligodendrocytes
ATGAGTCGTCCTACAA-1,Astrocytes
ATGAGTCTCCATCTAT-1,Oligodendrocytes
ATGCATGCACCGGTCA-1,Astrocytes
ATGCATGGTGCGCTCA-1,Oligodendrocytes
ATGCATGGTTTGGGAG-1,Oligodendrocytes
ATGCATGTCTGCGGGT-1,Oligodendrocytes
ATGCCTCAGTCTTCCC-1,Astrocytes
ATGCCTCGTGTTAACC-1,Oligodendrocytes
ATGCCTCTCCGATAGT-1,Oligodendrocytes
ATGCCTCTCTGTTCAT-1,Inhibitory
ATGCGATCATCCGAAT-1,Astrocytes
ATGCGATTCCATACAG-1,Oligodendrocytes
ATGCGATTCCGTGTCT-1,Oligodendrocytes
ATGGAGGAGTCACTCA-1,Oligodendrocytes
ATGGAGGGTAGTCCTA-1,Oligodendrocyte Precursors
ATGGAGGTCAGGTGTT-1,Oligodendrocytes
ATGGATCGTGGTCTAT-1,Astrocytes
ATGGGAGAGGTTTGAA-1,Oligodendrocytes
ATGGGTTCACTGCTTC-1,Microglia
ATGGGTTGTATCCTTT-1,Vascular
ATGGGTTGTTGCTCAA-1,Oligodendrocytes
ATGGGTTTCAATCCAG-1,Oligodendrocytes
ATGTCCCAGGTACTGG-1,Oligodendrocytes
ATGTCCCGTCCTTGTC-1,Astrocytes
ATGTCCCGTTAGCGGA-1,Astrocytes
ATGTCCCGTTCAGTAC-1,Oligodendrocytes
ATGTCTTCAGAGTGTG-1,Oligodendrocytes
ATGTCTTGTCGCACGT-1,Astrocytes
ATGTCTTGTTTGCCGG-1,Oligodendrocytes
ATTACCTGTCGAAACG-1,Oligodendrocytes
ATTACTCGTACTGCCG-1,Vascular
ATTATCCAGTCCCGAC-1,Inhibitory
ATTATCCGTGTTACTG-1,Oligodendrocytes
ATTCACTAGGCTTAGG-1,Oligodendrocytes
ATTCACTAGGGATCAC-1,Excitatory
ATTCACTCAACACACT-1,Astrocytes
ATTCACTCATAGGTTC-1,Oligodendrocytes
ATTCACTCATGAGATA-1,Oligodendrocytes
ATTCACTGTGCTCTTC-1,Microglia
ATTCACTGTTCAGCGC-1,Oligodendrocytes
ATTCACTTCAAAGAAC-1,Microglia
ATTCAGGAGAAGAGCA-1,Oligodendrocytes
ATTCAGGCACTCTCGT-1,Oligodendrocytes
ATTCAGGCATGTTCAG-1,Astrocytes
ATTCATCGTCGCATCG-1,Astrocytes
ATTCCCGTCCTTCTGG-1,Oligodendrocytes
ATTCCTAAGCCTCGTG-1,Oligodendrocytes
ATTCCTAAGGCTATCT-1,Vascular
ATTCCTACATCCGTGG-1,Microglia
ATTCCTAGTAATTAGG-1,Oligodendrocytes
ATTCGTTAGGCCTTGC-1,Oligodendrocytes
ATTCTACAGGCTGGAT-1,Astrocytes
ATTCTACGTGATGGCA-1,Oligodendrocyte Precursors
ATTCTTGTCTTGATTC-1,Oligodendrocytes
ATTGTTCCAATCACGT-1,Oligodendrocytes
ATTGTTCCACCAATTG-1,Oligodendrocytes
ATTGTTCTCACCCTCA-1,Astrocytes
ATTTACCGTCTTACTT-1,Astrocytes
ATTTCACCAAGACGAC-1,Oligodendrocytes
ATTTCACGTAGCGTTT-1,Oligodendrocytes
ATTTCACGTCTTACTT-1,Astrocytes
ATTTCACGTCTTCTAT-1,Vascular
ATTTCACTCGCCAGTG-1,Microglia
ATTTCACTCTTGTGCC-1,Oligodendrocytes
ATTTCTGGTACCACGC-1,Astrocytes
CAAAGAAAGCTGTGCC-1,Vascular
CAAAGAACACACCTAA-1,Oligodendrocytes
CAAAGAATCTCCCTAG-1,Oligodendrocytes
CAACAACAGATACGAT-1,Microglia
CAACAACAGCGAATGC-1,Astrocytes
CAACAACGTCCGATCG-1,Microglia
CAACAACGTCTTGAGT-1,Oligodendrocytes
CAACAACTCGTGGCGT-1,Microglia
CAACAGTAGCAACTCT-1,Oligodendrocytes
CAACAGTAGTCCTGTA-1,Microglia
CAACAGTCAACGCATT-1,Microglia
CAACAGTGTGAACTAA-1,Astrocytes
CAACAGTTCCGTACGG-1,Microglia
CAACCAACACTGAGTT-1,Oligodendrocytes
CAACCAATCCACAAGT-1,Astrocytes
CAACCAATCTGATTCT-1,Microglia
CAACCTCAGAAGTATC-1,Oligodendrocytes
CAACCTCAGGACATCG-1,Oligodendrocytes
CAACCTCCAATCTAGC-1,Oligodendrocytes
CAACGATCAACGTAAA-1,Oligodendrocytes
CAACGATCACAACGAG-1,Microglia
CAACGATGTAGGTAGC-1,Inhibitory
CAACGGCCATCATTGG-1,Astrocytes
CAACGGCGTATCGAAA-1,Oligodendrocytes
CAACGGCTCATGGAGG-1,Vascular
CAAGACTAGCTCCGAC-1,Microglia
CAAGACTAGGCATCGA-1,Astrocytes
CAAGACTCAACACAAA-1,Vascular
CAAGACTCATGAAAGT-1,Oligodendrocytes
CAAGACTGTGTCCACG-1,Astrocytes
CAAGAGGCATAAGATG-1,Oligodendrocyte Precursors
CAAGAGGGTCTCTCTG-1,Astrocytes
CAAGAGGGTGTCTTAG-1,Oligodendrocytes
CAAGAGGGTTCCCACT-1,Oligodendrocytes
CAAGCTACAGTAGAAT-1,Oligodendrocyte Precursors
CAAGCTATCTGTGTGA-1,Vascular
CAAGGGACACTGAGTT-1,Oligodendrocytes
CAAGGGACATACTGTG-1,Oligodendrocytes
CAAGGGATCGAACGCC-1,Oligodendrocytes
CAATACGAGTTCTACG-1,Oligodendrocytes
CAATACGCAAATCAAG-1,Astrocytes
CAATACGGTCCGAAAG-1,Astrocytes
CAATACGGTCTGCATA-1,Vascular
CAATACGTCAGTGTGT-1,Inhibitory
CAATACGTCCGCGAGT-1,Oligodendrocytes
CAATCGAAGCTCATAC-1,Inhibitory
CAATCGACATTGACAC-1,Oligodendrocytes
CAATCGATCAATGCAC-1,Oligodendrocyte Precursors
CAATGACTCCATCCGT-1,Astrocytes
CAATTTCAGTAACCTC-1,Oligodendrocytes
CAATTTCCAGCGACCT-1,Microglia
CAATTTCGTAGAGCTG-1,Inhibitory
CAATTTCTCGACGCGT-1,Microglia
CACAACACAACCGATT-1,Vascular
CACAACAGTATCCCAA-1,Oligodendrocytes
CACAACATCACCCATC-1,Oligodendrocytes
CACACAAAGAGGTTTA-1,Microglia
CACACAAAGATACCAA-1,Oligodendrocytes
CACACAAAGTGGTTCT-1,Inhibitory
CACACAACATAGACTC-1,Astrocytes
CACACAATCTACACAG-1,Vascular
CACAGATAGCGTTACT-1,Oligodendrocytes
CACAGATCAAGTTCCA-1,Astrocytes
CACAGATCAATCCTTT-1,Oligodendrocytes
CACAGATCACCGGAAA-1,Oligodendrocytes
CACAGATGTTCTCGTC-1,Microglia
CACAGATTCCAGTTCC-1,Oligodendrocytes
CACAGGCCAGCTGAAG-1,Astrocytes
CACAGGCGTACCTTCC-1,Astrocytes
CACAGGCTCCACTTTA-1,Oligodendrocytes
CACATGAAGTAGCATA-1,Oligodendrocytes
CACATGATCGGACTGC-1,Oligodendrocytes
CACCAAAAGCGACTTT-1,Microglia
CACCAAAAGGACGCAT-1,Vascular
CACCAAAGTTTCACTT-1,Astrocytes
CACCAAATCACACGAT-1,Astrocytes
CACCGTTAGGAGAGGC-1,Inhibitory
CACGAATGTGGAGAAA-1,Oligodendrocytes
CACGAATTCGGACTTA-1,Microglia
CACGGGTCACATCATG-1,Oligodendrocytes
CACGGGTTCCCAGCGA-1,Oligodendrocytes
CACGTGGAGTCGAAGC-1,Inhibitory
CACGTGGTCGAACGCC-1,Astrocytes
CACGTGGTCTCTTAAC-1,Oligodendrocytes
CACGTTCAGGGCTAAC-1,Oligodendrocytes
CACGTTCAGGTTCAGG-1,Oligodendrocytes
CACGTTCAGTAAGAGG-1,Microglia
CACGTTCCAACGTATC-1,Vascular
CACGTTCCAATGAGCG-1,Microglia
CACGTTCTCGCAACAT-1,Microglia
CACTAAGCAACCTATG-1,Astrocytes
CACTAAGCAGCTCCTT-1,Excitatory
CACTGAAAGTCACTAC-1,Oligodendrocyte Precursors
CACTGAACACCGTGAC-1,Astrocytes
CACTGAACAGATCCAT-1,Oligodendrocytes
CACTGAAGTCTGTGAT-1,Astrocytes
CACTGAATCGACGTCG-1,Astrocytes
CACTGGGCAAGTCCAT-1,Oligodendrocytes
CACTGGGTCGAAATCC-1,Oligodendrocytes
CACTGGGTCTGTAACG-1,Microglia
CACTGTCAGAACAAGG-1,Oligodendrocytes
CACTGTCAGCGTGCTC-1,Oligodendrocytes
CACTGTCAGTACGAGC-1,Astrocytes
CACTGTCTCAGCAATC-1,Astrocytes
CACTTCGAGCACCTGC-1,Vascular
CACTTCGAGTAGATCA-1,Oligodendrocytes
CACTTCGCAATGGGTG-1,Oligodendrocytes
CACTTCGTCATTACGG-1,Inhibitory
CACTTCGTCCGTGTAA-1,Oligodendrocytes
CACTTCGTCGAGATAA-1,Oligodendrocytes
CAGATACCACGTACAT-1,Oligodendrocytes
CAGATACCATCCGTGG-1,Astrocytes
CAGATACCATGGAATA-1,Oligodendrocytes
CAGATCAAGCGTTAGG-1,Oligodendrocytes
CAGATTGCAATTTCGG-1,Oligodendrocytes
CAGATTGCACCAACAT-1,Oligodendrocytes
CAGATTGTCAACCGAT-1,Oligodendrocyte Precursors
CAGATTGTCCTCACTG-1,Vascular
CAGCACGCAAAGTGTA-1,Astrocytes
CAGCAGCAGGTAACTA-1,Oligodendrocytes
CAGCAGCAGTGGAATT-1,Oligodendrocyte Precursors
CAGCAGCCACGGTGCT-1,Oligodendrocytes
CAGCAGCCATACACCA-1,Microglia
CAGCAGCCATATTCGG-1,Astrocytes
CAGCAGCGTGACAACG-1,Oligodendrocyte Precursors
CAGCAGCGTGGGCTTC-1,Astrocytes
CAGCAGCTCAAAGGAT-1,Oligodendrocytes
CAGCAGCTCCGCACGA-1,Vascular
CAGCCAGGTGCCTACG-1,Microglia
CAGCGTGAGGCTGGAT-1,Astrocytes
CAGGCCAAGTAAGAGG-1,Astrocytes
CAGGCCAGTAGCACAG-1,Oligodendrocyte Precursors
CAGGCCAGTTCGTAAC-1,Oligodendrocyte Precursors
CAGGCCATCGAACCTA-1,Astrocytes
CAGGGCTAGGGACAGG-1,Astrocytes
CAGGGCTCATGTTACG-1,Microglia
CAGGGCTGTATGAAAC-1,Oligodendrocyte Precursors
CAGGGCTGTGATTAGA-1,Microglia
CAGGGCTGTTGCAAGG-1,Oligodendrocytes
CAGGTATAGAGGACTC-1,Oligodendrocytes
CAGGTATCAAGAGATT-1,Oligodendrocytes
CAGGTATCAGATACCT-1,Oligodendrocytes
CAGGTATCATCTCAAG-1,Oligodendrocyte Precursors
CAGGTATGTCCGAAAG-1,Inhibitory
CAGGTATGTTAGAAAC-1,Oligodendrocyte Precursors
CAGGTATTCCCGTTCA-1,Astrocytes
CAGTGCGCAGACCATT-1,Microglia
CAGTTAGCATAGGAGC-1,Oligodendrocytes
CAGTTAGGTATTCCTT-1,Oligodendrocytes
CAGTTCCCAAACGGCA-1,Oligodendrocytes
CAGTTCCCACTCCGAG-1,Astrocytes
CAGTTCCTCGGCTGGT-1,Oligodendrocytes
CAGTTCCTCGGCTTCT-1,Oligodendrocytes
CATAAGCGTGGATGAC-1,Oligodendrocyte Precursors
CATAAGCTCTCCCTAG-1,Oligodendrocyte Precursors
CATAAGCTCTGGCCTT-1,Oligodendrocyte Precursors
CATACAGAGGGAGGGT-1,Astrocytes
CATACAGAGGTTTACC-1,Oligodendrocytes
CATACAGGTCAGGCAA-1,Microglia
CATACAGTCCGACATA-1,Astrocytes
CATACAGTCGGCACTG-1,Oligodendrocytes
CATACTTTCGTCGACG-1,Oligodendrocytes
CATAGACTCGGTTGTA-1,Microglia
CATCAAGAGGGTCTTT-1,Oligodendrocytes
CATCAAGGTACAGAGC-1,Oligodendrocytes
CATCAAGGTCGCCACA-1,Astrocytes
CATCAAGTCATGCCCT-1,Oligodendrocytes
CATCCACAGTGAACAT-1,Inhibitory
CATCCACCAAGCAGGT-1,Oligodendrocytes
CATCCACGTCCGGATC-1,Astrocytes
CATCCCAAGTATGAAC-1,Microglia
CATCCCACAAGCGGAT-1,Microglia
CATCCCACACATAGCT-1,Oligodendrocytes
CATCCCACAGCTATTG-1,Oligodendrocytes
CATCCCAGTCCCACGA-1,Astrocytes
CATCCCAGTTGGGATG-1,Oligodendrocytes
CATCCGTAGACTAGAT-1,Oligodendrocyte Precursors
CATCCGTGTTCCTAGA-1,Oligodendrocytes
CATCCGTTCACCTGTC-1,Oligodendrocytes
CATCGCTAGGCCATAG-1,Oligodendrocyte Precursors
CATCGCTCACTAAACC-1,Oligodendrocytes
CATCGCTCATGTTACG-1,Oligodendrocytes
CATCGCTGTATCGGTT-1,Vascular
CATCGGGCACAACGCC-1,Astrocytes
CATCGGGTCTTCGCTG-1,Oligodendrocyte Precursors
CATCGTCAGTCACGCC-1,Oligodendrocytes
CATGAGTAGTGCACAG-1,Oligodendrocytes
CATGAGTCAGGGCTTC-1,Microglia
CATGAGTCATGAATCC-1,Oligodendrocytes
CATGAGTGTCGCATTA-1,Oligodendrocytes
CATGAGTGTTGACTGT-1,Astrocytes
CATGAGTTCAGGGTAG-1,Astrocytes
CATGCAAAGAAATTCG-1,Microglia
CATGCCTAGCTATCCA-1,Oligodendrocytes
CATGCCTCAGGACTTT-1,Oligodendrocytes
CATGCGGAGACTGGGT-1,Vascular
CATGCGGTCCACCTCA-1,Oligodendrocytes
CATGCTCAGAAATGGG-1,Microglia
CATGCTCTCCACTTTA-1,Oligodendrocytes
CATGGATAGCGTGAAC-1,Oligodendrocytes
CATGGATAGGAGTCTG-1,Oligodendrocytes
CATGGATCAGGTGAGT-1,Oligodendrocytes
CATGGATTCTCGTCAC-1,Microglia
CATGGTAAGATGGTAT-1,Oligodendrocytes
CATGGTATCTAGGAAA-1,Oligodendrocytes
CATTCATAGGAACGCT-1,Microglia
CATTCATAGGTCACCC-1,Oligodendrocytes
CATTCCGCAAACGGCA-1,Microglia
CATTCTACAACGGTAG-1,Oligodendrocytes
CATTGAGGTCATTGCA-1,Oligodendrocytes
CATTGAGTCGCAACAT-1,Astrocytes
CATTGAGTCGGTTCAA-1,Oligodendrocytes
CATTGCCAGGTGCGAT-1,Oligodendrocyte Precursors
CATTGCCTCGACCAAT-1,Oligodendrocyte Precursors
CATTGTTAGTAGTCTC-1,Astrocytes
CATTGTTTCGGCAGTC-1,Astrocytes
CATTTCAAGGACCCAA-1,Oligodendrocytes
CATTTCACACGGTAGA-1,Oligodendrocytes
CATTTCACAGGCTACC-1,Microglia
CATTTCATCGAAGCCC-1,Oligodendrocytes
CCAAGCGTCCTTCGAC-1,Oligodendrocytes
CCAAGCGTCTTAATCC-1,Oligodendrocytes
CCAATGACACTCCACT-1,Astrocytes
CCAATGAGTTCTCTAT-1,Microglia
CCAATTTCAAGTTCCA-1,Astrocytes
CCAATTTCAGAGAGGG-1,Oligodendrocytes
CCACAAACATACTGTG-1,Vascular
CCACAAATCTCTTCAA-1,Oligodendrocytes
CCACAAATCTGTGCTC-1,Oligodendrocytes
CCACACTAGAGAGTTT-1,Oligodendrocyte Precursors
CCACACTAGGCCTTCG-1,Microglia
CCACACTTCCGTGGGT-1,Oligodendrocytes
CCACACTTCGCATGAT-1,Oligodendrocyte Precursors
CCACCATGTCTAGTGT-1,Oligodendrocytes
CCACGAGCATACAGGG-1,Vascular
CCACGTTCACAAGTTC-1,Oligodendrocytes
CCACGTTGTCGTGTTA-1,Astrocytes
CCACGTTTCTAGTCAG-1,Oligodendrocyte Precursors
CCACTTGAGCTCCGAC-1,Oligodendrocytes
CCACTTGAGGCTTTCA-1,Microglia
CCACTTGCACAGAGAC-1,Oligodendrocytes
CCACTTGCATAGTCGT-1,Oligodendrocytes
CCACTTGGTCTTCGAA-1,Microglia
CCATAAGCAAAGCAAT-1,Astrocytes
CCATAAGTCACTGTCC-1,Astrocytes
CCATAAGTCGAAGCCC-1,Oligodendrocyte Precursors
CCATAAGTCGCCTCTA-1,Oligodendrocyte Precursors
CCATCACAGTTGTAAG-1,Vascular
CCATCACGTAAGGCCA-1,Oligodendrocytes
CCCAACTAGGGCGAAG-1,Astrocytes
CCCAACTAGTTGCATC-1,Microglia
CCCAACTCAGGTACGA-1,Excitatory
CCCAACTGTCGTAATC-1,Microglia
CCCATTGAGCCTCAAT-1,Vascular
CCCATTGTCCATAGGT-1,Oligodendrocytes
CCCATTGTCTGTCCGT-1,Vascular
CCCGAAGAGAGTCTTC-1,Astrocytes
CCCGAAGGTCCCACGA-1,Oligodendrocytes
CCCGGAACAGAGATGC-1,Astrocytes
CCCGGAATCTAGGAAA-1,Astrocytes
CCCTAACCAAATCAAG-1,Oligodendrocytes
CCCTAACGTGTTACAC-1,Oligodendrocytes
CCCTCAAAGTGATAGT-1,Oligodendrocytes
CCCTCTCAGGATACGC-1,Oligodendrocytes
CCCTCTCAGGCTTAAA-1,Astrocytes
CCCTCTCAGGTCATCT-1,Inhibitory
CCCTCTCGTATGCTTG-1,Oligodendrocytes
CCCTCTCGTGTAAACA-1,Oligodendrocytes
CCCTCTCTCGCGATCG-1,Microglia
CCCTGATCAACGATTC-1,Astrocytes
CCCTGATCACCGTGCA-1,Vascular
CCCTGATCAGGCAATG-1,Oligodendrocytes
CCCTTAGAGAGCCCAA-1,Oligodendrocytes
CCCTTAGTCGCGGTAC-1,Oligodendrocytes
CCGAACGAGCCATGCC-1,Oligodendrocytes
CCGAACGCAGCCGTCA-1,Astrocytes
CCGAACGGTAAGCGGT-1,Oligodendrocytes
CCGATCTCAACCGGAA-1,Oligodendrocytes
CCGATCTCACCCATAA-1,Oligodendrocytes
CCGATCTCATGTGACT-1,Oligodendrocytes
CCGATCTGTCTGTAAC-1,Microglia
CCGATCTTCATTGGTG-1,Vascular
CCGATGGAGTACCGGA-1,Oligodendrocytes
CCGATGGGTTTCGCTC-1,Microglia
CCGGACACAGGTTCAT-1,Oligodendrocytes
CCGGACACATTCTCCG-1,Oligodendrocyte Precursors
CCGGACAGTTCCGCTT-1,Oligodendrocytes
CCGGACATCTACTCAT-1,Oligodendrocytes
CCGGGTATCTCGCTTG-1,Oligodendrocytes
CCGGTAGAGTATTGCC-1,Astrocytes
CCGGTAGCATGACGGA-1,Oligodendrocyte Precursors
CCGGTGAAGCATGCGA-1,Microglia
CCGGTGACAACTGTGT-1,Oligodendrocytes
CCGGTGAGTGGGTCAA-1,Oligodendrocytes
CCGGTGAGTTCCCACT-1,Oligodendrocytes
CCGGTGATCTTCCCAG-1,Oligodendrocytes
CCGTAGGAGCCAGACA-1,Astrocytes
CCGTAGGAGGCTAGCA-1,Oligodendrocytes
CCGTAGGCAATGTCTG-1,Oligodendrocytes
CCGTAGGCACCTCTGT-1,Oligodendrocytes
CCGTGAGAGTGAACAT-1,Oligodendrocyte Precursors
CCGTGAGGTATCCTTT-1,Oligodendrocytes
CCGTTCAAGCGTTACT-1,Oligodendrocyte Precursors
CCGTTCACACTTACAG-1,Inhibitory
CCGTTCACAGAACATA-1,Oligodendrocyte Precursors
CCGTTCATCATTATCC-1,Oligodendrocyte Precursors
CCTAACCCAATCTGCA-1,Oligodendrocytes
CCTAACCGTTCGTTCC-1,Oligodendrocytes
CCTAAGAAGGTAGTAT-1,Oligodendrocytes
CCTAAGACACGTAGAG-1,Inhibitory
CCTACGTAGGATCACG-1,Oligodendrocytes
CCTACGTCATGCGTGC-1,Astrocytes
CCTATCGCAAAGTATG-1,Astrocytes
CCTATCGGTCATAGTC-1,Oligodendrocytes
CCTATCGTCGACATCA-1,Oligodendrocytes
CCTCACAAGATGATTG-1,Microglia
CCTCACACAGCAGTTT-1,Inhibitory
CCTCACACATCTAACG-1,Oligodendrocytes
CCTCAGTCACGGGTAA-1,Oligodendrocytes
CCTCATGGTCGAATGG-1,Astrocytes
CCTCCAAAGACCACGA-1,Oligodendrocytes
CCTCCAAAGCAGGCAT-1,Oligodendrocyte Precursors
CCTCCAAAGTCTCGTA-1,Oligodendrocytes
CCTCCAAGTCACTCAA-1,Astrocytes
CCTCCAATCGTTCTAT-1,Oligodendrocytes
CCTCCTCAGGCCTTGC-1,Astrocytes
CCTCTAGAGAGTGAAG-1,Oligodendrocytes
CCTCTAGCACAGCCTG-1,Vascular
CCTCTAGCAGAACTTC-1,Oligodendrocytes
CCTCTCCAGGCCTAGA-1,Oligodendrocytes
CCTCTCCAGTAGCTCT-1,Microglia
CCTCTCCTCCAAACCA-1,Microglia
CCTCTCCTCGTAGAGG-1,Microglia
CCTGCATAGACAAGCC-1,Vascular
CCTGCATCAATCTGCA-1,Oligodendrocytes
CCTGCATTCCTGATAG-1,Oligodendrocyte Precursors
CCTGCATTCTGGTGGC-1,Oligodendrocytes
CCTGTTGAGACATGCG-1,Microglia
CCTGTTGGTGCATACT-1,Oligodendrocytes
CCTGTTGGTTTCGATG-1,Oligodendrocytes
CCTGTTGTCCCAACTC-1,Oligodendrocytes
CCTTGTGCACGGTGAA-1,Microglia
CCTTGTGGTTAGTCGT-1,Microglia
CCTTGTGTCCTCGCAT-1,Microglia
CCTTGTGTCGACCACG-1,Vascular
CGAAGGATCTGGGTCG-1,Vascular
CGAAGTTCAGCGAGTA-1,Oligodendrocytes
CGAAGTTGTATACCTG-1,Astrocytes
CGAATTGCAGTAGGAC-1,Oligodendrocytes
CGAATTGCATCCTTCG-1,Oligodendrocyte Precursors
CGACAGCAGGTAGCCA-1,Astrocytes
CGAGAAGGTGAGGCAT-1,Astrocytes
CGAGAAGTCTTGTTAC-1,Vascular
CGAGGAAAGGAGCTGT-1,Oligodendrocytes
CGAGGAAGTTGCTCCT-1,Oligodendrocytes
CGAGGAAGTTTACGAC-1,Microglia
CGAGGAAGTTTGTGGT-1,Oligodendrocyte Precursors
CGAGGCTAGAAAGCGA-1,Oligodendrocytes
CGAGGCTAGTATAGGT-1,Microglia
CGAGGCTCAGAACATA-1,Oligodendrocytes
CGAGGCTGTGACACAG-1,Oligodendrocytes
CGAGGCTGTTGGACCC-1,Oligodendrocytes
CGAGTGCAGGGTCAAC-1,Oligodendrocytes
CGAGTGCAGTGGAAAG-1,Oligodendrocytes
CGAGTGCTCTACCACC-1,Oligodendrocytes
CGAGTTACAAGTATAG-1,Microglia
CGAGTTATCACCGACG-1,Oligodendrocytes
CGATCGGCAGCTGTCG-1,Oligodendrocytes
CGATCGGGTGTCATTG-1,Vascular
CGATCGGTCTACTCAT-1,Microglia
CGATGCGAGCATTGAA-1,Oligodendrocytes
CGATGCGGTAAGGCTG-1,Astrocytes
CGATGCGGTTAAGACA-1,Oligodendrocyte Precursors
CGATGCGGTTTGAAAG-1,Astrocytes
CGATGGCGTATCGAGG-1,Astrocytes
CGATGGCGTGGGCTCT-1,Oligodendrocyte Precursors
CGATGGCTCGTCGCTT-1,Oligodendrocytes
CGCAGGTAGAGGTATT-1,Vascular
CGCAGGTAGCACTGGA-1,Oligodendrocyte Precursors
CGCAGGTAGCGGCTCT-1,Oligodendrocyte Precursors
CGCAGGTCAATTCTTC-1,Astrocytes
CGCAGGTCATGCCGAC-1,Oligodendrocytes
CGCAGGTGTGCTGTCG-1,Microglia
CGCAGGTTCCATCGTC-1,Oligodendrocyte Precursors
CGCATAAAGTAGCAAT-1,Oligodendrocytes
CGCATAACAATCGTCA-1,Microglia
CGCATGGAGAGTCTGG-1,Astrocytes
CGCATGGAGTGCTAGG-1,Oligodendrocytes
CGCCATTAGTCTTCCC-1,Microglia
CGCCATTGTTCCGCAG-1,Oligodendrocytes
CGCCATTTCCAACTGA-1,Oligodendrocytes
CGCGTGAGTCAGCTTA-1,Astrocytes
CGGAACCAGACGGAAA-1,Oligodendrocytes
CGGAACCAGAGCAACC-1,Astrocytes
CGGAACCAGGCTTCCG-1,Oligodendrocytes
CGGAACCGTGAGATTA-1,Oligodendrocyte Precursors
CGGAACCTCGAGAAGC-1,Astrocytes
CGGAACCTCTTCCAGC-1,Oligodendrocytes
CGGAACCTCTTGGATG-1,Oligodendrocytes
CGGAATTAGAAGTCAT-1,Microglia
CGGAATTAGCCATATC-1,Oligodendrocytes
CGGAATTGTAGCTCGC-1,Microglia
CGGACACCATGACAGG-1,Oligodendrocyte Precursors
CGGACACGTCAATGGG-1,Microglia
CGGACACGTGCCTAAT-1,Oligodendrocytes
CGGACACTCGTACCTC-1,Oligodendrocytes
CGGAGAAAGCATACTC-1,Microglia
CGGAGAATCGTAACTG-1,Vascular
CGGCAGTAGGATTCCT-1,Oligodendrocytes
CGGGACTGTCCGGTGT-1,Astrocytes
CGGGACTTCACTTCTA-1,Astrocytes
CGGGCATCATCTTTCA-1,Oligodendrocytes
CGGGCATGTCCACGCA-1,Microglia
CGGGCATGTCCTGTCT-1,Inhibitory
CGGGCATTCCACTGAA-1,Astrocytes
CGGGCATTCTAGTACG-1,Oligodendrocytes
CGGGTCAAGATGGTCG-1,Microglia
CGGGTCACACGACTAT-1,Astrocytes
CGGGTGTAGACCCGCT-1,Oligodendrocyte Precursors
CGGGTGTTCCATCTAT-1,Astrocytes
CGGTCAGAGAACTGAT-1,Oligodendrocytes
CGGTCAGAGATGCAGC-1,Astrocytes
CGTAAGTAGTCGAGGT-1,Astrocytes
CGTAAGTTCCTAAACG-1,Oligodendrocyte Precursors
CGTAATGAGAGCATAT-1,Oligodendrocytes
CGTAATGAGATCCAAA-1,Vascular
CGTAATGTCGATACAC-1,Microglia
CGTAATGTCGTACACA-1,Inhibitory
CGTCAAAAGTGCAGGT-1,Astrocytes
CGTCAAAGTCCACTTC-1,Oligodendrocytes
CGTCCATAGAGGTTTA-1,Inhibitory
CGTCCATCAGAGAAAG-1,Microglia
CGTCCATGTAAGGTCG-1,Vascular
CGTCCATGTCCTCAGG-1,Oligodendrocytes
CGTCCATTCCTAGCCT-1,Oligodendrocytes
CGTGAATAGATGTTAG-1,Astrocytes
CGTGAATCACTGAGTT-1,Oligodendrocytes
CGTGAATGTGTCTTCC-1,Oligodendrocytes
CGTGAATGTTTCGATG-1,Oligodendrocytes
CGTGAATTCGCTAGCG-1,Oligodendrocytes
CGTGATACACAATTCG-1,Oligodendrocytes
CGTGATACACCGGCTA-1,Astrocytes
CGTGATACAGTAGAAT-1,Vascular
CGTGATAGTCGTCTCT-1,Microglia
CGTGATAGTTTGAAAG-1,Astrocytes
CGTGATATCCGGACTG-1,Oligodendrocytes
CGTGATATCCTGTAAG-1,Microglia
CGTGTCTCATCCGGTG-1,Vascular
CGTGTCTTCTTACTGT-1,Vascular
CGTTAGAAGCCATATC-1,Astrocytes
CGTTAGACAAACAGGC-1,Oligodendrocytes
CGTTAGATCTGCGGGT-1,Inhibitory
CGTTCTGAGGCGTTGA-1,Oligodendrocytes
CGTTCTGCAGAGTTCT-1,Vascular
CGTTGGGGTGACTCGC-1,Oligodendrocyte Precursors
CGTTGGGTCAACTTTC-1,Astrocytes
CGTTGGGTCAGACCTA-1,Astrocytes
CTAACCCAGCGCCATC-1,Oligodendrocytes
CTAACCCTCAGGAACG-1,Vascular
CTAACTTGTGACGTCC-1,Astrocytes
CTAACTTGTGTCCACG-1,Oligodendrocytes
CTAACTTGTTAGGCCC-1,Oligodendrocytes
CTAACTTTCCCATAAG-1,Astrocytes
CTAACTTTCGTCAGAT-1,Astrocytes
CTAAGTGAGGTTTGAA-1,Oligodendrocytes
CTAAGTGCATGCCGCA-1,Oligodendrocytes
CTACAGAAGTCACAGG-1,Oligodendrocytes
CTACAGAGTGGAGAAA-1,Astrocytes
CTACAGATCCATTGTT-1,Microglia
CTACAGATCGCGGTAC-1,Astrocytes
CTACATTAGGTAAGGA-1,Oligodendrocytes
CTACATTGTTTCCCAC-1,Microglia
CTACATTTCTCTCTTC-1,Inhibitory
CTACCCATCGAGGCAA-1,Oligodendrocytes
CTACCTGCATTCTTCA-1,Oligodendrocytes
CTACCTGGTTACACTG-1,Astrocytes
CTACGGGAGCAGCAGT-1,Oligodendrocyte Precursors
CTACGGGCATAGAGGC-1,Microglia
CTACGGGTCACGATCA-1,Vascular
CTACTATCAGTCTACA-1,Oligodendrocytes
CTACTATTCAAGTGGG-1,Oligodendrocytes
CTAGACAAGTCGAGGT-1,Astrocytes
CTAGGTACATGACTCA-1,Oligodendrocytes
CTAGGTAGTCCTACGG-1,Oligodendrocytes
CTATAGGAGTCCGCGT-1,Microglia
CTATAGGTCTAGCAAC-1,Oligodendrocytes
CTATCCGGTCAGACGA-1,Oligodendrocytes
CTATCCGGTTGCTTGA-1,Oligodendrocytes
CTATCTACAAGGCTTT-1,Excitatory
CTATCTACAATAAGGT-1,Oligodendrocytes
CTATCTACAATCGCGC-1,Oligodendrocytes
CTATCTACAGGATGAC-1,Astrocytes
CTATCTATCACATCAG-1,Oligodendrocyte Precursors
CTCAACCTCGCTAGCG-1,Oligodendrocytes
CTCAAGAAGATAGGGA-1,Oligodendrocytes
CTCAAGAGTGTTCAGT-1,Excitatory
CTCAATTGTGATGAAT-1,Vascular
CTCAATTTCGGCTCTT-1,Oligodendrocytes
CTCACTGAGCGCAATG-1,Oligodendrocytes
CTCACTGCAAGTATAG-1,Astrocytes
CTCACTGCAGTGCGCT-1,Oligodendrocytes
CTCAGAACATCATCCC-1,Oligodendrocytes
CTCAGAAGTACCAGAG-1,Oligodendrocyte Precursors
CTCAGAAGTATGCTAC-1,Oligodendrocytes
CTCAGGGAGATGCGAC-1,Oligodendrocytes
CTCAGGGAGTGACACG-1,Microglia
CTCAGGGGTTGAATCC-1,Inhibitory
CTCAGGGTCAAGTGTC-1,Astrocytes
CTCAGTCAGTCTCCTC-1,Oligodendrocytes
CTCAGTCGTTCCCAAA-1,Oligodendrocytes
CTCAGTCTCTTCGATT-1,Oligodendrocytes
CTCATCGCAAAGGCTG-1,Oligodendrocytes
CTCATCGTCCATCAGA-1,Astrocytes
CTCATGCAGCAGATAT-1,Oligodendrocyte Precursors
CTCATGCCAGGCTACC-1,Astrocytes
CTCATTAAGGCAGCTA-1,Oligodendrocytes
CTCATTACAGGAAGTC-1,Astrocytes
CTCCAACGTGGCACTC-1,Oligodendrocytes
CTCCATGCAGAGTCTT-1,Oligodendrocytes
CTCCATGGTGTTCCTC-1,Astrocytes
CTCCATGTCTGGAAGG-1,Oligodendrocytes
CTCCCAACAACAGAGC-1,Vascular
CTCCCAAGTACGTTCA-1,Oligodendrocyte Precursors
CTCCCAAGTCAAAGTA-1,Oligodendrocytes
CTCCCAATCTCGGCTT-1,Microglia
CTCCCTCAGACCTTTG-1,Oligodendrocytes
CTCCCTCGTTTCGCTC-1,Oligodendrocytes
CTCCGATCAGCTACCG-1,Astrocytes
CTCCGATCATCGAACT-1,Astrocytes
CTCCGATTCTCGCGTT-1,Oligodendrocyte Precursors
CTCCTCCCAGGCATTT-1,Microglia
CTCCTCCGTCGCAGTC-1,Oligodendrocytes
CTCCTCCGTGGAATGC-1,Oligodendrocytes
CTCCTTTTCTACTGCC-1,Oligodendrocytes
CTCGAGGGTAGTCCTA-1,Oligodendrocyte Precursors
CTCGAGGGTCATTCCC-1,Astrocytes
CTCGAGGGTCTGGTTA-1,Oligodendrocytes
CTCTCAGAGGATCATA-1,Oligodendrocytes
CTCTCAGCAATCCAGT-1,Oligodendrocytes
CTCTCAGTCATCGGGC-1,Inhibitory
CTCTCGACACGCTGAC-1,Oligodendrocytes
CTCTCGATCACCTCTG-1,Oligodendrocytes
CTCTGGTCACTTCTCG-1,Oligodendrocytes
CTCTGGTGTCATCAGT-1,Astrocytes
CTGAATGAGAGGCCAT-1,Astrocytes
CTGAATGCAAGAGATT-1,Oligodendrocyte Precursors
CTGAATGTCGAGAAGC-1,Microglia
CTGAGCGAGACTCTTG-1,Microglia
CTGAGCGCAGGTCAAG-1,Microglia
CTGAGCGGTCGATTTG-1,Oligodendrocytes
CTGAGCGGTCTAACGT-1,Oligodendrocytes
CTGAGCGTCTCCATAT-1,Astrocytes
CTGAGGCCAACCACAT-1,Oligodendrocytes
CTGAGGCGTCGCTCGA-1,Oligodendrocytes
CTGAGGCTCGGCACTG-1,Astrocytes
CTGAGGCTCGTTACCC-1,Oligodendrocyte Precursors
CTGCAGGAGAGTTGAT-1,Vascular
CTGCAGGAGCAGGCAT-1,Oligodendrocytes
CTGCAGGAGGCACTCC-1,Vascular
CTGCAGGCACGGTGTC-1,Vascular
CTGCAGGCATATGAAG-1,Astrocytes
CTGCATCAGCATCAAA-1,Vascular
CTGCATCCACTCCTTG-1,Astrocytes
CTGCATCGTGCACAAG-1,Oligodendrocytes
CTGCATCTCCATTTCA-1,Microglia
CTGCATCTCTGTGCGG-1,Oligodendrocytes
CTGCCATGTCAGTCTA-1,Oligodendrocytes
CTGCCATGTGAGATAT-1,Oligodendrocytes
CTGCCATTCTCAATCT-1,Astrocytes
CTGCCTAAGACGTCCC-1,Oligodendrocytes
CTGCCTAAGATAGCTA-1,Oligodendrocyte Precursors
CTGCCTAAGGGTTGCA-1,Microglia
CTGCCTACAGACCTAT-1,Oligodendrocytes
CTGCCTAGTCCGGTCA-1,Microglia
CTGCGAGAGTTCTACG-1,Inhibitory
CTGCTCATCCAACCGG-1,Oligodendrocytes
CTGCTCATCCTAGAGT-1,Oligodendrocytes
CTGCTCATCGTGGAAG-1,Microglia
CTGGACGGTGACAGGT-1,Astrocytes
CTGGACGTCGTCCATC-1,Astrocytes
CTGGCAGAGGGAGGAC-1,Vascular
CTGGCAGAGTCATGGG-1,Oligodendrocytes
CTGGCAGCAATCACGT-1,Oligodendrocytes
CTGGCAGCACTGTCGG-1,Oligodendrocyte Precursors
CTGGCAGCATTCACCC-1,Oligodendrocytes
CTGGCAGGTCGATTAC-1,Oligodendrocytes
CTGGTCTGTGATACAA-1,Microglia
CTGGTCTTCATGGTAC-1,Microglia
CTGTAGAAGACTCTAC-1,Oligodendrocytes
CTGTAGAAGTTGTCAC-1,Inhibitory
CTGTATTAGAAGTCCG-1,Microglia
CTGTCGTAGAATTTGG-1,Microglia
CTGTCGTGTCCACTCT-1,Astrocytes
CTGTGAAAGGTTCACT-1,Inhibitory
CTGTGAAAGTCAAGCG-1,Oligodendrocytes
CTGTGAATCCGTTGGG-1,Astrocytes
CTGTGGGAGTCACAGG-1,Astrocytes
CTGTGGGGTCGAGTGA-1,Microglia
CTTACCGCAGTAACAA-1,Oligodendrocytes
CTTACCGGTTCGTTCC-1,Astrocytes
CTTCAATAGTTCTCTT-1,Astrocytes
CTTCAATGTGCCCGTA-1,Oligodendrocytes
CTTCAATTCCAGGACC-1,Oligodendrocytes
CTTCCGAAGTTCCAGT-1,Oligodendrocytes
CTTCCGATCCTGTACC-1,Oligodendrocytes
CTTCCGATCGCGCTGA-1,Oligodendrocytes
CTTCCTTTCGCTACGG-1,Oligodendrocytes
CTTCCTTTCGCTTACC-1,Oligodendrocytes
CTTCGGTAGAGTCGAC-1,Astrocytes
CTTCGGTTCATTTGCT-1,Oligodendrocyte Precursors
CTTCTCTTCAGATTGC-1,Oligodendrocytes
CTTCTCTTCATCTATC-1,Inhibitory
CTTGAGAAGCAACAAT-1,Vascular
CTTGAGAAGGTATCTC-1,Oligodendrocytes
CTTGAGACACTAGTAC-1,Oligodendrocytes
CTTGAGATCGGTCACG-1,Oligodendrocytes
CTTTCAAAGAACGCGT-1,Astrocytes
CTTTCAAGTACTCGAT-1,Oligodendrocytes
CTTTCGGCATGGCCAC-1,Astrocytes
CTTTCGGCATTCTTCA-1,Oligodendrocytes
CTTTCGGTCTACCCAC-1,Microglia
GAAACCTGTCGGAACA-1,Microglia
GAAACCTTCTAAGCCA-1,Inhibitory
GAACACTAGTGTTCAC-1,Microglia
GAACACTCAAGCCATT-1,Oligodendrocytes
GAACGTTAGCATAGGC-1,Oligodendrocytes
GAACGTTGTCCTTTGC-1,Astrocytes
GAACGTTTCGAGTCTA-1,Vascular
GAACTGTAGGGCTAAC-1,Microglia
GAACTGTGTTGACTGT-1,Oligodendrocytes
GAACTGTTCAGATTGC-1,Astrocytes
GAAGAATAGGGATGTC-1,Microglia
GAAGAATGTCTTTATC-1,Oligodendrocytes
GAAGCCCCAAACACGG-1,Vascular
GAAGCCCCACTGCATA-1,Microglia
GAAGGACAGCCAAGTG-1,Vascular
GAAGGACAGGGACCAT-1,Oligodendrocytes
GAAGGACCATTATGCG-1,Oligodendrocytes
GAAGGGTAGGTGCCAA-1,Oligodendrocytes
GAAGGGTCAACGATTC-1,Oligodendrocytes
GAAGGGTCACCATTCC-1,Oligodendrocytes
GAAGTAAGTAGCGAGT-1,Oligodendrocytes
GAAGTAAGTTAGTTCG-1,Oligodendrocytes
GAAGTAATCCCATGGG-1,Astrocytes
GAAGTAATCGTCACCT-1,Oligodendrocytes
GAATAGAAGACGAAGA-1,Microglia
GAATAGAAGTATGAGT-1,Microglia
GAATAGACACGTGAGA-1,Oligodendrocytes
GAATAGATCCGTAATG-1,Vascular
GAATCACCAGAGTCTT-1,Oligodendrocytes
GAATCACGTTACTCAG-1,Oligodendrocyte Precursors
GAATCACTCATTCGGA-1,Oligodendrocytes
GAATCACTCTCATTAC-1,Microglia
GAATCGTAGCCTCTTC-1,Astrocytes
GAATCGTTCCATTTCA-1,Astrocytes
GACACGCAGGGCATGT-1,Oligodendrocytes
GACACGCAGGTAAGAG-1,Oligodendrocytes
GACACGCAGTCACTCA-1,Oligodendrocytes
GACACGCCAAATGGCG-1,Oligodendrocytes
GACACGCTCACCTACC-1,Oligodendrocytes
GACAGCCCATGGGAAC-1,Astrocytes
GACATCAGTTCATCTT-1,Inhibitory
GACCAATAGAATGTTG-1,Oligodendrocytes
GACCAATCAAGAAATC-1,Astrocytes
GACCAATGTCTTTCAT-1,Microglia
GACCAATTCTCATTAC-1,Oligodendrocytes
GACCCAGAGCTATCTG-1,Oligodendrocyte Precursors
GACCCAGAGGATCACG-1,Oligodendrocyte Precursors
GACCCTTAGTGGATAT-1,Astrocytes
GACCCTTTCTTCCCAG-1,Oligodendrocytes
GACCGTGAGCGGGTAT-1,Oligodendrocytes
GACCGTGGTTTGACAC-1,Oligodendrocytes
GACCGTGTCGTTCTGC-1,Astrocytes
GACGCTGAGCGGTAGT-1,Oligodendrocytes
GACGCTGCAGAGATTA-1,Oligodendrocytes
GACGCTGCATAGATCC-1,Oligodendrocyte Precursors
GACGTTACACTCTGCT-1,Oligodendrocytes
GACGTTAGTCATTGCA-1,Oligodendrocytes
GACTATGCAACGAGGT-1,Oligodendrocytes
GACTATGGTGCGGCTT-1,Astrocytes
GACTCAAGTACAGAGC-1,Oligodendrocytes
GACTCTCCACAACGAG-1,Oligodendrocytes
GACTCTCCACGTTGGC-1,Astrocytes
GACTCTCCAGGCTACC-1,Oligodendrocytes
GACTCTCTCCTACCGT-1,Oligodendrocytes
GACTCTCTCGTCGATA-1,Oligodendrocytes
GACTGATAGCTACTGT-1,Oligodendrocytes
GACTGATGTTGATCGT-1,Oligodendrocytes
GACTGATGTTGGGTTT-1,Microglia
GACTGATTCAAGATAG-1,Oligodendrocytes
GACTTCCAGCACTCCG-1,Astrocytes
GACTTCCGTTAGGCCC-1,Vascular
GACTTCCTCAAGAGTA-1,Oligodendrocytes
GACTTCCTCATTTGCT-1,Oligodendrocytes
GACTTCCTCCTTATAC-1,Vascular
GACTTCCTCTTACCAT-1,Astrocytes
GAGAAATAGCAGCACA-1,Oligodendrocytes
GAGAAATCACAACGTT-1,Oligodendrocytes
GAGAAATTCGGCCAAC-1,Oligodendrocytes
GAGACCCAGTAAGGGA-1,Vascular
GAGACCCCATTGAAAG-1,Oligodendrocytes
GAGACCCTCACATCAG-1,Excitatory
GAGACTTCAACCCTCT-1,Oligodendrocytes
GAGACTTGTATCGCTA-1,Oligodendrocyte Precursors
GAGACTTTCCCGAACG-1,Oligodendrocytes
GAGAGGTCACGGGTAA-1,Microglia
GAGAGGTCATACAGCT-1,Astrocytes
GAGAGGTCATAGATGA-1,Microglia
GAGAGGTGTTTCACTT-1,Excitatory
GAGATGGGTACTGGGA-1,Microglia
GAGCCTGAGAGCCATG-1,Vascular
GAGCCTGAGTATAGAC-1,Vascular
GAGCCTGAGTCAGAGC-1,Astrocytes
GAGCCTGAGTTACGGG-1,Oligodendrocytes
GAGCCTGCAAGAAATC-1,Oligodendrocytes
GAGCCTGCACACCAGC-1,Oligodendrocytes
GAGCCTGCAGGAATAT-1,Vascular
GAGCTGCGTGGTCTCG-1,Astrocytes
GAGCTGCTCCTTCTAA-1,Oligodendrocytes
GAGGCAACAGACCAAG-1,Oligodendrocytes
GAGGCAAGTCATCTAG-1,Oligodendrocytes
GAGGGTAAGCACTAGG-1,Oligodendrocytes
GAGGGTACAGCAGACA-1,Microglia
GAGGGTATCGGCCAAC-1,Oligodendrocyte Precursors
GAGTCATAGCCTCAAT-1,Microglia
GAGTCTACACCATAAC-1,Oligodendrocytes
GAGTCTACATGCAGGA-1,Vascular
GAGTGAGAGTAACCTC-1,Vascular
GAGTGAGGTCTCTCCA-1,Astrocytes
GAGTGAGTCAGTGCGC-1,Oligodendrocytes
GAGTGTTAGCGATGGT-1,Oligodendrocytes
GAGTGTTGTCGCATGC-1,Oligodendrocytes
GAGTGTTTCTTAGCAG-1,Astrocytes
GAGTTACCACTTGGGC-1,Oligodendrocytes
GAGTTTGAGGTCACTT-1,Oligodendrocytes
GAGTTTGCACACTTAG-1,Oligodendrocytes
GATAGAAGTAGGACTG-1,Astrocytes
GATAGAAGTCATGACT-1,Oligodendrocytes
GATAGAAGTCTGCCTT-1,Microglia
GATAGCTCATCGGCCA-1,Oligodendrocytes
GATAGCTTCTGAATGC-1,Vascular
GATCACACAAGCGCAA-1,Inhibitory
GATCACACATGTCAGT-1,Oligodendrocytes
GATCACAGTATAGGGC-1,Oligodendrocytes
GATCACAGTATGAGGC-1,Vascular
GATCACATCCAAGGGA-1,Oligodendrocytes
GATCAGTCACGCGTCA-1,Oligodendrocytes
GATCAGTGTAGACAGC-1,Microglia
GATCAGTGTGACCGAA-1,Astrocytes
GATCATGAGCTCATAC-1,Microglia
GATCATGAGTGAGTTA-1,Oligodendrocytes
GATCATGTCTAACACG-1,Oligodendrocyte Precursors
GATCCCTAGAAACACT-1,Oligodendrocytes
GATCCCTAGGTCTGGA-1,Oligodendrocytes
GATCCCTGTAGCACGA-1,Oligodendrocytes
GATCCCTTCAATCCAG-1,Microglia
GATCGTACACTTCAGA-1,Oligodendrocytes
GATCGTACATTACGGT-1,Microglia
GATCGTAGTTTCGATG-1,Astrocytes
GATGACTCAGTTTCAG-1,Vascular
GATGACTCATTGTCGA-1,Oligodendrocyte Precursors
GATGAGGCAAGTAGTA-1,Oligodendrocytes
GATGAGGCAGCTAACT-1,Astrocytes
GATGATCCAGATCATC-1,Microglia
GATGATCCAGTGCCTG-1,Vascular
GATGCTACAAATGAAC-1,Oligodendrocyte Precursors
GATGCTATCACATACG-1,Oligodendrocytes
GATGGAGCACTAACGT-1,Astrocytes
GATGGAGCATGGCTGC-1,Oligodendrocyte Precursors
GATGGAGGTCGAACAG-1,Oligodendrocytes
GATGGAGTCACCATGA-1,Inhibitory
GATGTTGAGCAACCAG-1,Astrocytes
GATTCGATCCTTGAAG-1,Oligodendrocyte Precursors
GATTCTTAGGACAGCT-1,Vascular
GATTCTTCAATAACCC-1,Astrocytes
GATTCTTCACGGCCAT-1,Oligodendrocytes
GATTGGTCAACAGCTT-1,Oligodendrocytes
GATTGGTCAATTGCGT-1,Vascular
GATTGGTGTAGAGGAA-1,Oligodendrocytes
GATTGGTGTGTCCGTG-1,Oligodendrocytes
GATTGGTGTTAAGGAT-1,Vascular
GATTGGTTCGACGTCG-1,Oligodendrocytes
GATTTCTGTGGCTTAT-1,Oligodendrocytes
GCAACATCAGAACGCA-1,Oligodendrocytes
GCAACATGTTACGATC-1,Vascular
GCAACCGCATCCGGTG-1,Oligodendrocytes
GCACATAGTGGAGGTT-1,Oligodendrocytes
GCACGGTAGGGACACT-1,Astrocytes
GCACGGTAGTCGGCCT-1,Oligodendrocytes
GCACGGTCATCTCATT-1,Oligodendrocytes
GCACGGTTCAAGCCGC-1,Oligodendrocyte Precursors
GCACGGTTCGGCTGGT-1,Oligodendrocytes
GCACGTGAGGGTCAAC-1,Astrocytes
GCACGTGTCTTTGCGC-1,Astrocytes
GCACTAAGTTGTGCCG-1,Oligodendrocytes
GCACTAATCCAACCGG-1,Oligodendrocyte Precursors
GCAGCCAAGCTCCCTT-1,Inhibitory
GCAGCCACAAGTGGGT-1,Microglia
GCAGCCATCGGCATAT-1,Astrocytes
GCAGCTGAGGGAGGCA-1,Astrocytes
GCAGCTGGTCGCACGT-1,Oligodendrocyte Precursors
GCAGCTGTCACTGAAC-1,Microglia
GCAGCTGTCGTCAACA-1,Oligodendrocytes
GCAGGCTTCCCTCATG-1,Microglia
GCAGTTACAAGTGTCT-1,Oligodendrocytes
GCAGTTACACTCCTGT-1,Oligodendrocytes
GCAGTTAGTGGACCTC-1,Microglia
GCATCGGCAATGTCTG-1,Astrocytes
GCATCGGTCACTTGGA-1,Microglia
GCATGATCAGAGGTTG-1,Oligodendrocyte Precursors
GCATTAGAGATGATTG-1,Oligodendrocyte Precursors
GCATTAGGTAACAGGC-1,Oligodendrocytes
GCATTAGTCGTCAGAT-1,Oligodendrocytes
GCATTAGTCTGCTAGA-1,Oligodendrocytes
GCCAACGAGAATTGCA-1,Microglia
GCCAACGCAAGTCCCG-1,Microglia
GCCAACGCACAAGCAG-1,Astrocytes
GCCAACGCAGCGTGAA-1,Microglia
GCCAGCATCACCGGTG-1,Inhibitory
GCCAGGTGTGTCTTCC-1,Oligodendrocyte Precursors
GCCAGGTTCAAGCTTG-1,Oligodendrocyte Precursors
GCCAGTGAGTCCTGTA-1,Astrocytes
GCCAGTGCAGCAGTCC-1,Oligodendrocytes
GCCAGTGCATGTGCCG-1,Oligodendrocyte Precursors
GCCAGTGGTACGACAG-1,Microglia
GCCAGTGTCGCTTTAT-1,Oligodendrocytes
GCCAGTGTCGTTCGCT-1,Microglia
GCCAGTGTCTACTGAG-1,Astrocytes
GCCAGTGTCTTAGGAC-1,Oligodendrocytes
GCCATGGCACCAGCTG-1,Astrocytes
GCCATGGGTCTTTCAT-1,Astrocytes
GCCATTCCACTTGACA-1,Oligodendrocytes
GCCATTCGTGAGATTA-1,Vascular
GCCCAGACACTTCCTG-1,Oligodendrocytes
GCCCAGATCTATCGCC-1,Oligodendrocytes
GCCCGAAAGACAACAT-1,Oligodendrocytes
GCCCGAAAGGTAGCCA-1,Astrocytes
GCCCGAACACCCTGTT-1,Excitatory
GCCCGAACAGCATCTA-1,Microglia
GCCGATGAGGCACAAC-1,Oligodendrocytes
GCCGATGCACACAGCC-1,Oligodendrocytes
GCCGATGCACTTACAG-1,Oligodendrocytes
GCCGATGGTAGCGAGT-1,Oligodendrocytes
GCCGATGGTCGTGGAA-1,Vascular
GCCGATGGTGCCCAGT-1,Microglia
GCCGTGAAGGTGATCG-1,Oligodendrocytes
GCCGTGACAGTTTGGT-1,Oligodendrocyte Precursors
GCCGTGAGTCGCACGT-1,Astrocytes
GCCGTGATCTGAGAGG-1,Microglia
GCCTGTTAGAGCAGAA-1,Excitatory
GCCTGTTTCAGCTTGA-1,Microglia
GCGAGAAGTCACATTG-1,Astrocytes
GCGATCGAGAAGGTAG-1,Oligodendrocytes
GCGATCGAGCTGACAG-1,Oligodendrocytes
GCGATCGAGGATATAC-1,Oligodendrocytes
GCGATCGGTTTGCAGT-1,Oligodendrocytes
GCGGAAAGTACTGAGG-1,Oligodendrocytes
GCGGAAAGTCCATAGT-1,Astrocytes
GCGGAAATCGAGAAAT-1,Vascular
GCGGATCAGTGCAGGT-1,Astrocytes
GCGGATCGTCGCAGTC-1,Astrocytes
GCGTGCAAGAATGTTG-1,Oligodendrocyte Precursors
GCGTGCAGTAGTGGCA-1,Vascular
GCGTGCATCAACGAGG-1,Oligodendrocytes
GCGTTTCAGGGCCCTT-1,Oligodendrocytes
GCGTTTCGTACTGTTG-1,Oligodendrocytes
GCTACAAAGACGACTG-1,Vascular
GCTACAAAGCTGACTT-1,Astrocytes
GCTACAATCATTATCC-1,Oligodendrocytes
GCTACAATCGCCAACG-1,Astrocytes
GCTACAATCTTCGGAA-1,Oligodendrocytes
GCTACAATCTTGAACG-1,Astrocytes
GCTACCTGTTCGAAGG-1,Oligodendrocytes
GCTACCTTCAACACGT-1,Oligodendrocytes
GCTACCTTCGAAACAA-1,Oligodendrocytes
GCTACCTTCTCTGACC-1,Oligodendrocytes
GCTCAAAAGACATCCT-1,Microglia
GCTCAAAAGGAAGTCC-1,Astrocytes
GCTCAAATCCGAGAAG-1,Astrocytes
GCTCAAATCCGAGGCT-1,Vascular
GCTGAATAGACCTCCG-1,Oligodendrocytes
GCTGAATAGTGATAGT-1,Microglia
GCTGAATCACACCTAA-1,Oligodendrocytes
GCTGAATCAGCTGTAT-1,Astrocytes
GCTGAATGTCCAGAAG-1,Astrocytes
GCTGCAGCATCCTATT-1,Oligodendrocyte Precursors
GCTGGGTTCGCCAGTG-1,Astrocytes
GCTGGGTTCTACAGGT-1,Microglia
GCTTCACAGCCTTTGA-1,Astrocytes
GCTTCACCAATCCAGT-1,Vascular
GCTTCACGTCGTTCAA-1,Oligodendrocytes
GCTTCACTCGCATTGA-1,Astrocytes
GCTTGGGAGTTGGGAC-1,Oligodendrocytes
GCTTGGGTCCTTATGT-1,Oligodendrocytes
GCTTTCGGTTTCGACA-1,Oligodendrocytes
GCTTTCGTCGTAACAC-1,Oligodendrocyte Precursors
GGAACCCCACAGCCAC-1,Oligodendrocyte Precursors
GGAACCCCATCTAGAC-1,Oligodendrocytes
GGAACCCTCTCCAATT-1,Oligodendrocytes
GGAAGTGAGGGAGGGT-1,Oligodendrocytes
GGAAGTGGTGGTTTAC-1,Astrocytes
GGAATCTCAACTAGAA-1,Excitatory
GGAATGGGTTCTCCAC-1,Oligodendrocytes
GGAATGGTCACGGTCG-1,Oligodendrocytes
GGAATGGTCATGCGGC-1,Oligodendrocyte Precursors
GGAATGGTCTCATTGT-1,Oligodendrocytes
GGACGTCAGGCATGGT-1,Astrocytes
GGACGTCGTTTCGTGA-1,Oligodendrocytes
GGAGAACCAGGGACTA-1,Oligodendrocytes
GGAGATGAGGTACTGG-1,Astrocytes
GGAGATGGTGGGCTTC-1,Astrocytes
GGAGATGTCAACTCTT-1,Oligodendrocytes
GGAGATGTCTCACTCG-1,Astrocytes
GGAGGATGTACGTGAG-1,Oligodendrocytes
GGAGGATGTCGTCATA-1,Inhibitory
GGAGGATTCTGAGCAT-1,Oligodendrocytes
GGAGGTACAGGCTACC-1,Oligodendrocytes
GGAGGTATCTCTAAGG-1,Microglia
GGATCTATCATTTGCT-1,Oligodendrocytes
GGATCTATCGGCTGTG-1,Oligodendrocytes
GGATGTTGTCCCGTGA-1,Microglia
GGATGTTGTGGTTCTA-1,Oligodendrocytes
GGATGTTGTGTGTTTG-1,Oligodendrocytes
GGATGTTTCTGCGTCT-1,Microglia
GGCACGTCATGGAACG-1,Oligodendrocyte Precursors
GGCACGTGTTCCGGTG-1,Oligodendrocytes
GGCACGTGTTTGGGAG-1,Oligodendrocytes
GGCGTCAAGCTAAATG-1,Oligodendrocytes
GGCGTCACACCGCTAG-1,Astrocytes
GGCGTCAGTTCCCACT-1,Oligodendrocytes
GGCTGTGGTCCCTGAG-1,Oligodendrocytes
GGCTTGGCAATGTCAC-1,Astrocytes
GGCTTGGCAATTAGGA-1,Microglia
GGCTTGGCATGACTTG-1,Oligodendrocyte Precursors
GGCTTGGTCCACGGGT-1,Oligodendrocytes
GGCTTGGTCCCTTTGG-1,Astrocytes
GGCTTTCAGATAACAC-1,Oligodendrocytes
GGCTTTCAGGATGCGT-1,Oligodendrocytes
GGCTTTCCACACTGGC-1,Oligodendrocytes
GGCTTTCGTTGACTAC-1,Astrocytes
GGGAAGTCATGACTAC-1,Oligodendrocyte Precursors
GGGACAAAGCCGATAG-1,Microglia
GGGACAAAGCTCCATA-1,Oligodendrocytes
GGGACAAGTTAAACCC-1,Oligodendrocytes
GGGACCTAGCAATAAC-1,Vascular
GGGAGATCAACACTAC-1,Microglia
GGGAGATCAGCTTTCC-1,Vascular
GGGAGATGTTGCTCCT-1,Oligodendrocytes
GGGAGTATCTCGCTCA-1,Microglia
GGGATCCAGGGAGAAT-1,Microglia
GGGATCCAGGTTAGTA-1,Oligodendrocytes
GGGATCCTCCACGAAT-1,Oligodendrocytes
GGGATGAAGATACGAT-1,Oligodendrocyte Precursors
GGGATGACATGGGTCC-1,Microglia
GGGATGATCGGTAAGG-1,Oligodendrocytes
GGGATGATCGGTGCAC-1,Oligodendrocytes
GGGCCATAGGCAGCTA-1,Oligodendrocytes
GGGCCATCAGAGGCAT-1,Oligodendrocyte Precursors
GGGCCATGTATTGAGA-1,Microglia
GGGCTACAGAGGTATT-1,Oligodendrocytes
GGGCTACGTAGGCAGT-1,Oligodendrocytes
GGGCTACGTTCCGCTT-1,Vascular
GGGCTCAAGGGCAATC-1,Microglia
GGGCTCACAATGAACA-1,Microglia
GGGCTCACACACCGCA-1,Oligodendrocytes
GGGCTCATCAATCAGC-1,Oligodendrocyte Precursors
GGGCTCATCTGCGGAC-1,Astrocytes
GGGTAGAAGGGCCCTT-1,Microglia
GGGTAGAAGTGTGTTC-1,Microglia
GGGTAGATCTCCCTAG-1,Oligodendrocytes
GGGTATTCACATACTG-1,Vascular
GGGTATTTCCTCAGAA-1,Microglia
GGGTCACCAATACGCT-1,Microglia
GGGTCACCACGCCAGT-1,Oligodendrocytes
GGGTCACGTTGAGTCT-1,Oligodendrocytes
GGGTCACGTTGGGCCT-1,Astrocytes
GGGTCACGTTGTGCAT-1,Oligodendrocytes
GGGTCTGAGCCAACCC-1,Vascular
GGGTCTGTCGTTGTGA-1,Astrocytes
GGGTGTCAGAGCATTA-1,Oligodendrocytes
GGGTGTCAGTGGTGGT-1,Oligodendrocytes
GGGTGTCCACCTAAAC-1,Astrocytes
GGGTGTCGTACTCCCT-1,Oligodendrocytes
GGGTTATAGTATGAAC-1,Oligodendrocytes
GGGTTATAGTGAGGCT-1,Oligodendrocytes
GGGTTTAAGCCTGAAG-1,Oligodendrocytes
GGGTTTAAGTGCCAGA-1,Astrocytes
GGGTTTACACACAGCC-1,Vascular
GGGTTTATCAATCTCT-1,Oligodendrocytes
GGGTTTATCCGTCAAA-1,Oligodendrocytes
GGTAACTCAGACAATA-1,Oligodendrocytes
GGTAACTGTCCGGTCA-1,Oligodendrocytes
GGTAATCAGAAGGATG-1,Oligodendrocytes
GGTAATCAGTTGTAGA-1,Oligodendrocyte Precursors
GGTAATCCAGCGTTGC-1,Oligodendrocytes
GGTAGAGCACATAACC-1,Oligodendrocytes
GGTAGAGGTCTGTGAT-1,Oligodendrocytes
GGTAGAGTCGCCCAGA-1,Oligodendrocytes
GGTCACGGTCATCTAG-1,Excitatory
GGTCACGGTGGTACAG-1,Oligodendrocytes
GGTCTGGCAGAGGCTA-1,Oligodendrocytes
GGTGAAGAGCTTTCTT-1,Inhibitory
GGTGAAGTCTCGCTCA-1,Microglia
GGTGGCTCACTAGAGG-1,Microglia
GGTGGCTCAGTACTAC-1,Oligodendrocytes
GGTGGCTTCGGCCTTT-1,Astrocytes
GGTGTCGAGGAAAGAC-1,Microglia
GGTGTCGCACACAGAG-1,Astrocytes
GGTGTCGCATGCACTA-1,Astrocytes
GGTGTCGTCCCGAACG-1,Excitatory
GGTGTTAAGAAATTCG-1,Oligodendrocytes
GGTGTTAAGCATCCTA-1,Oligodendrocytes
GGTGTTAAGGCCCAAA-1,Oligodendrocytes
GGTGTTACAACCTATG-1,Microglia
GGTGTTAGTGTAGCAG-1,Astrocytes
GGTTAACCACTCCGAG-1,Oligodendrocytes
GGTTAACGTTTGTTCT-1,Oligodendrocytes
GGTTAACTCCATATGG-1,Oligodendrocytes
GGTTCTCTCAAGGTGG-1,Oligodendrocytes
GTAACACAGACGCATG-1,Astrocytes
GTAAGTCAGCATCCCG-1,Oligodendrocytes
GTAAGTCCAGGTCCGT-1,Microglia
GTAATCGAGAAACACT-1,Oligodendrocytes
GTAATCGGTCTCCTGT-1,Oligodendrocytes
GTAATGCCAATCTCTT-1,Microglia
GTACAACAGTTCGGTT-1,Oligodendrocyte Precursors
GTACAACCATCACCAA-1,Oligodendrocyte Precursors
GTACAGTAGTGCAGCA-1,Oligodendrocytes
GTAGAAACACTTCAGA-1,Microglia
GTAGAAAGTTGCCATA-1,Microglia
GTAGAAAGTTTGTGGT-1,Microglia
GTAGAGGAGTCTGCGC-1,Oligodendrocytes
GTAGAGGCACATGGTT-1,Astrocytes
GTAGAGGCACTTGACA-1,Oligodendrocytes
GTAGAGGCAGGCTTGC-1,Oligodendrocytes
GTAGAGGGTATCAAGA-1,Oligodendrocytes
GTAGAGGTCCTCATAT-1,Oligodendrocytes
GTAGATCCAGGTCCCA-1,Oligodendrocytes
GTAGATCTCGGAAGGT-1,Inhibitory
GTAGCTACAGCATGCC-1,Oligodendrocytes
GTAGCTAGTTGGTAGG-1,Oligodendrocytes
GTAGGAGAGAAGAACG-1,Excitatory
GTAGGAGTCTGGCTGG-1,Oligodendrocytes
GTAGGTTAGCCGATCC-1,Oligodendrocytes
GTAGGTTCACCCTTAC-1,Oligodendrocyte Precursors
GTAGGTTCATTCAGGT-1,Astrocytes
GTAGTACAGCAACAGC-1,Astrocytes
GTAGTACAGCGTGCTC-1,Oligodendrocytes
GTAGTACAGGACAGCT-1,Oligodendrocytes
GTAGTACTCACTTCTA-1,Excitatory
GTATTGGAGGCTTTCA-1,Astrocytes
GTATTGGCAACCAATC-1,Oligodendrocytes
GTATTGGTCCTTGGAA-1,Vascular
GTATTGGTCTCCACTG-1,Microglia
GTATTTCTCGAGCCAC-1,Microglia
GTCAAACCAAACCGGA-1,Astrocytes
GTCAAACGTTGACTGT-1,Oligodendrocytes
GTCACGGCACTGCATA-1,Astrocytes
GTCACTCAGATGTTGA-1,Inhibitory
GTCACTCCAGTCGAGA-1,Microglia
GTCAGCGTCCACCTGT-1,Oligodendrocytes
GTCAGCGTCGGTGCAC-1,Oligodendrocyte Precursors
GTCATGAAGCATTTGC-1,Vascular
GTCATGAAGCGTTAGG-1,Oligodendrocytes
GTCATGAGTGCCTGCA-1,Oligodendrocytes
GTCATGATCCACGAAT-1,Oligodendrocytes
GTCATGATCTTGAGCA-1,Oligodendrocytes
GTCATTTAGCTACTAC-1,Oligodendrocytes
GTCATTTCAAATGATG-1,Microglia
GTCATTTCATGTGGTT-1,Vascular
GTCCACTAGGATGAGA-1,Oligodendrocytes
GTCCACTTCCTTATCA-1,Oligodendrocytes
GTCCCATTCATGCATG-1,Oligodendrocytes
GTCCCATTCCGAAATC-1,Oligodendrocytes
GTCCTCAAGCTCGGCT-1,Oligodendrocytes
GTCCTCAAGTGTAGAT-1,Astrocytes
GTCGAATTCACCTCTG-1,Oligodendrocytes
GTCGAATTCGCAATGT-1,Vascular
GTCGCGAAGCCGCTTG-1,Microglia
GTCGCGACAGCGGTTC-1,Astrocytes
GTCGCGAGTAAGATAC-1,Oligodendrocytes
GTCGCGAGTTCTTCAT-1,Oligodendrocytes
GTCGCGATCACGATAC-1,Astrocytes
GTCGCGATCTTTCCAA-1,Oligodendrocytes
GTCGTAACAGTAGATA-1,Microglia
GTCGTAATCAAATGCC-1,Oligodendrocytes
GTCGTAATCATGGAGG-1,Excitatory
GTCGTAATCCGACATA-1,Vascular
GTCGTTCAGCATGGGT-1,Astrocytes
GTCGTTCCAACCAGAG-1,Vascular
GTCGTTCTCCCGATCT-1,Oligodendrocyte Precursors
GTCTACCCACGCAGTC-1,Oligodendrocytes
GTCTACCTCGCCGATG-1,Microglia
GTCTACCTCTCTTGCG-1,Oligodendrocytes
GTCTAGACACGATAGG-1,Oligodendrocytes
GTCTTTAAGAGGTATT-1,Vascular
GTCTTTAGTGGGTCAA-1,Microglia
GTGACGCAGAAACACT-1,Astrocytes
GTGACGCCACAGTCGC-1,Oligodendrocytes
GTGACGCCATCCGGCA-1,Oligodendrocytes
GTGACGCGTCCACATA-1,Microglia
GTGAGCCAGACCATTC-1,Vascular
GTGAGCCAGCCATTTG-1,Microglia
GTGAGCCGTAACATGA-1,Oligodendrocytes
GTGAGCCGTGGGTCAA-1,Oligodendrocyte Precursors
GTGAGTTAGGTGGGTT-1,Oligodendrocytes
GTGAGTTAGGTGGTTG-1,Astrocytes
GTGAGTTCAGCAGTTT-1,Oligodendrocytes
GTGAGTTCATGGGCAA-1,Microglia
GTGAGTTCATTAGGCT-1,Astrocytes
GTGAGTTGTGCAAGAC-1,Oligodendrocytes
GTGAGTTTCGCGTTTC-1,Oligodendrocytes
GTGAGTTTCGTCCATC-1,Oligodendrocyte Precursors
GTGATGTTCCTAAGTG-1,Oligodendrocytes
GTGCACGAGCATCCTA-1,Oligodendrocytes
GTGCACGAGTAAGAGG-1,Oligodendrocyte Precursors
GTGCACGAGTGGCAGT-1,Oligodendrocytes
GTGCACGCATGATGCT-1,Oligodendrocytes
GTGCACGGTTCCGCTT-1,Oligodendrocytes
GTGCACGTCTGCTAGA-1,Astrocytes
GTGCAGCAGACTGGGT-1,Oligodendrocytes
GTGCAGCCAACCGACC-1,Oligodendrocytes
GTGCAGCCAATTGCAC-1,Oligodendrocytes
GTGCAGCTCAGCGCGT-1,Astrocytes
GTGCGTGAGCTACTGT-1,Oligodendrocytes
GTGCTGGAGAACGTGC-1,Astrocytes
GTGGAAGGTATTGGCT-1,Astrocytes
GTGGAAGTCTACAGGT-1,Microglia
GTGGAAGTCTGAGATC-1,Oligodendrocytes
GTGGAAGTCTTGTGCC-1,Astrocytes
GTGGAGACATGACAGG-1,Microglia
GTGGAGAGTGGTCAAG-1,Oligodendrocyte Precursors
GTGGAGATCTGTACAG-1,Oligodendrocytes
GTGGCGTGTATCTCGA-1,Oligodendrocytes
GTGGCGTTCGTACCTC-1,Astrocytes
GTGGGAAAGCAATTAG-1,Astrocytes
GTGGGAAAGGTCACAG-1,Oligodendrocytes
GTGGGAAGTACGTTCA-1,Oligodendrocytes
GTGGTTATCGTTAGTG-1,Oligodendrocytes
GTGTAACCATTGAAAG-1,Astrocytes
GTGTAACTCACGTAGT-1,Astrocytes
GTGTAACTCAGCAGAG-1,Oligodendrocytes
GTGTCCTAGAACTCCT-1,Oligodendrocyte Precursors
GTGTCCTCAACTGCTA-1,Oligodendrocytes
GTGTGATAGTCACTCA-1,Vascular
GTGTGATCAATGGCCC-1,Astrocytes
GTGTGGCAGAGATGCC-1,Oligodendrocytes
GTGTTAGAGGGAGGAC-1,Microglia
GTGTTCCCAAACCATC-1,Oligodendrocytes
GTGTTCCCATAGTCAC-1,Microglia
GTGTTCCTCATTTGCT-1,Oligodendrocytes
GTTACAGGTCAACATC-1,Oligodendrocytes
GTTACCCAGTTTCTTC-1,Oligodendrocytes
GTTACCCGTAAGGCCA-1,Oligodendrocytes
GTTACCCGTCGCAACC-1,Oligodendrocytes
GTTACCCTCATTGAGC-1,Oligodendrocytes
GTTACGAAGAAAGTCT-1,Oligodendrocytes
GTTACGAGTCAATGGG-1,Oligodendrocytes
GTTACGAGTCAGTTTG-1,Astrocytes
GTTACGAGTCTTTATC-1,Oligodendrocytes
GTTACGATCACTCCGT-1,Oligodendrocytes
GTTAGACGTAAGACCG-1,Oligodendrocytes
GTTAGACGTCTTCAAG-1,Astrocytes
GTTAGACGTGCAACAG-1,Oligodendrocytes
GTTAGACTCACATTGG-1,Oligodendrocyte Precursors
GTTAGACTCGGCTTGG-1,Astrocytes
GTTAGTGAGTGGCCTC-1,Oligodendrocytes
GTTAGTGTCAACCTTT-1,Astrocytes
GTTAGTGTCATTTACC-1,Oligodendrocytes
GTTAGTGTCGCTAGCG-1,Oligodendrocytes
GTTATGGCATAGCTGT-1,Oligodendrocytes
GTTATGGTCTCATTTG-1,Oligodendrocytes
GTTCATTAGCCAACCC-1,Oligodendrocytes
GTTCATTAGCGCAATG-1,Oligodendrocytes
GTTCATTAGGCGCTTC-1,Vascular
GTTCATTAGGTGCCTC-1,Oligodendrocytes
GTTCATTCATTGAAGA-1,Oligodendrocytes
GTTCATTGTATCGCTA-1,Astrocytes
GTTCATTTCGCCTCTA-1,Astrocytes
GTTCCGTGTCTTAGTG-1,Microglia
GTTCCGTTCGCGTTTC-1,Inhibitory
GTTCGCTTCGTCCTTG-1,Oligodendrocytes
GTTCTATAGGCCTAAG-1,Astrocytes
GTTCTATGTTTCACAG-1,Microglia
GTTCTATTCACGTAGT-1,Inhibitory
GTTGAACCAACTCGTA-1,Astrocytes
GTTGAACTCAAGCCAT-1,Oligodendrocytes
GTTGCGGCATGAAGGC-1,Astrocytes
GTTGCTCAGACTGTTC-1,Oligodendrocytes
GTTGCTCGTTGCATGT-1,Oligodendrocytes
GTTGCTCTCGATTGAC-1,Oligodendrocytes
GTTGTAGCACTCTAGA-1,Oligodendrocytes
GTTGTCCCAATCTAGC-1,Oligodendrocyte Precursors
GTTGTCCTCGAGTCCG-1,Microglia
GTTGTGATCGGTCACG-1,Oligodendrocytes
GTTTACTAGGCACTCC-1,Oligodendrocytes
GTTTACTGTCCGTTTC-1,Microglia
GTTTGGAAGCCTGACC-1,Astrocytes
GTTTGGAAGGGTGGGA-1,Astrocytes
TAACACGAGTTTGGCT-1,Oligodendrocytes
TAACACGCACAAGCTT-1,Oligodendrocytes
TAACACGCACTGAGTT-1,Oligodendrocytes
TAACACGGTGTACATC-1,Astrocytes
TAACACGTCGCCTCTA-1,Astrocytes
TAACCAGAGTGGCCTC-1,Oligodendrocytes
TAACCAGGTCGAGCTC-1,Astrocytes
TAACCAGTCATTGCGA-1,Oligodendrocyte Precursors
TAACGACCATAATGAG-1,Oligodendrocytes
TAACGACGTTCTCTAT-1,Microglia
TAACTTCCAGTTGGTT-1,Oligodendrocytes
TAACTTCGTGATAGAT-1,Oligodendrocytes
TAAGCACAGTCATTGC-1,Oligodendrocyte Precursors
TAAGCACTCGAATGCT-1,Astrocytes
TAAGCCACACAAGGTG-1,Oligodendrocytes
TAAGCCACATGAATAG-1,Excitatory
TAAGCCATCTGAATCG-1,Microglia
TAAGCGTAGCTTACGT-1,Oligodendrocyte Precursors
TAAGCGTGTCCACTTC-1,Astrocytes
TAATCTCGTATCTCTT-1,Microglia
TAATTCCCACAATGAA-1,Astrocytes
TAATTCCCACGACCTG-1,Oligodendrocytes
TAATTCCTCATTTGCT-1,Oligodendrocytes
TACAACGTCAGGAAGC-1,Microglia
TACACCCCACCATAAC-1,Oligodendrocyte Precursors
TACACCCCATCTTTCA-1,Oligodendrocytes
TACCCACAGACGCTCC-1,Oligodendrocytes
TACCCACCAACACACT-1,Oligodendrocytes
TACCCACCACTGTGAT-1,Oligodendrocyte Precursors
TACCCACTCACTGATG-1,Microglia
TACCCGTAGCGACTTT-1,Astrocytes
TACCCGTAGCTAGAAT-1,Astrocytes
TACCGAAAGGTCATCT-1,Astrocytes
TACCGGGCAGTAACAA-1,Microglia
TACCGGGGTCTGTTAG-1,Oligodendrocyte Precursors
TACCGGGGTGTGGTCC-1,Oligodendrocytes
TACCGGGTCTGCGGAC-1,Astrocytes
TACCGGGTCTTCTAAC-1,Microglia
TACCTCGGTTTCGACA-1,Oligodendrocytes
TACCTCGTCCCTATTA-1,Excitatory
TACCTGCGTCTAGATC-1,Oligodendrocytes
TACCTGCGTGCCTATA-1,Oligodendrocytes
TACCTGCTCCATAGGT-1,Oligodendrocytes
TACGCTCAGCTCTATG-1,Oligodendrocyte Precursors
TACGCTCTCACTACGA-1,Oligodendrocytes
TACGGGCGTATCGAAA-1,Oligodendrocytes
TACGGGCGTATGGAAT-1,Oligodendrocytes
TACGGTAGTCAAACGG-1,Oligodendrocyte Precursors
TACGGTATCCTGGGTG-1,Microglia
TACGTCCAGGTCACTT-1,Oligodendrocyte Precursors
TACGTCCCAAATGAAC-1,Oligodendrocytes
TACGTCCCAGTAACGG-1,Oligodendrocytes
TACTGCCAGTTGCGCC-1,Oligodendrocytes
TACTGCCCAACATCGT-1,Vascular
TACTTACAGTTGTCAC-1,Oligodendrocytes
TACTTACGTAAGGCCA-1,Oligodendrocytes
TACTTACGTGTTAGCT-1,Oligodendrocytes
TACTTACGTTTCAGAC-1,Oligodendrocytes
TACTTACTCACAACCA-1,Astrocytes
TACTTACTCAGGAGAC-1,Microglia
TACTTCACAAAGCACG-1,Astrocytes
TACTTCACACAGCGCT-1,Microglia
TACTTCACATACAGAA-1,Microglia
TACTTCACATGAATCC-1,Astrocytes
TACTTCACATGGCGCT-1,Oligodendrocytes
TACTTCAGTACGAGTG-1,Oligodendrocytes
TACTTCAGTTATCTGG-1,Microglia
TACTTCAGTTCAGGTT-1,Oligodendrocytes
TACTTGTCACCTGCTT-1,Oligodendrocyte Precursors
TAGACCAAGAGTGGCT-1,Oligodendrocytes
TAGACCACAATGACCT-1,Astrocytes
TAGACCAGTCCTCCAT-1,Astrocytes
TAGACCATCCACACAA-1,Oligodendrocyte Precursors
TAGACCATCTGCGAGC-1,Astrocytes
TAGACTGGTCCCTCAT-1,Vascular
TAGACTGGTGTCCTAA-1,Microglia
TAGAGTCGTACCCGCA-1,Oligodendrocytes
TAGATCGCACCTGCAG-1,Oligodendrocytes
TAGATCGGTAAGATCA-1,Oligodendrocyte Precursors
TAGATCGTCGCCATAA-1,Oligodendrocyte Precursors
TAGCACAGTTGCCGAC-1,Astrocytes
TAGCACAGTTGCGGCT-1,Oligodendrocytes
TAGGAGGCATACAGAA-1,Microglia
TAGGAGGGTACGACTT-1,Oligodendrocytes
TAGGAGGTCCAACCGG-1,Astrocytes
TAGGGTTAGCTAAACA-1,Oligodendrocyte Precursors
TAGGGTTCACAGTATC-1,Astrocytes
TAGGTACAGACCATTC-1,Vascular
TAGGTACAGTGGACGT-1,Microglia
TAGGTACCAATCCAGT-1,Oligodendrocytes
TAGGTACTCCTTATAC-1,Microglia
TAGGTTGAGAGGGTCT-1,Astrocytes
TAGGTTGAGCATTTCG-1,Oligodendrocyte Precursors
TAGGTTGCATATGGCT-1,Microglia
TAGTGCAAGCAAATGT-1,Astrocytes
TAGTGCACATTGAAAG-1,Oligodendrocytes
TAGTGCAGTTCCTACC-1,Oligodendrocytes
TATACCTCAGGGTTGA-1,Inhibitory
TATACCTGTAATTGGA-1,Microglia
TATACCTGTGTTTCTT-1,Oligodendrocytes
TATATCCCACTTTAGG-1,Astrocytes
TATATCCGTAGGCTGA-1,Oligodendrocytes
TATCAGGCAACTCCAA-1,Astrocytes
TATCAGGCAGGTACGA-1,Oligodendrocytes
TATCAGGGTATGTGTC-1,Oligodendrocytes
TATCAGGTCTACTTCA-1,Oligodendrocytes
TATCAGGTCTTCTTCC-1,Oligodendrocytes
TATCCTAAGTCGAATA-1,Oligodendrocyte Precursors
TATCCTACATGGAAGC-1,Oligodendrocytes
TATCCTATCCGCGATG-1,Oligodendrocyte Precursors
TATCGCCCAAGCTGCC-1,Microglia
TATCGCCCAAGGAGTC-1,Oligodendrocytes
TATCGCCGTTTACACG-1,Oligodendrocyte Precursors
TATCGCCTCCGCGATG-1,Inhibitory
TATCGCCTCGAGCACC-1,Oligodendrocytes
TATCTGTAGAGCATAT-1,Oligodendrocytes
TATCTGTCAGATGCGA-1,Oligodendrocytes
TATCTGTGTTAAACAG-1,Oligodendrocytes
TATCTTGCACTGTGAT-1,Astrocytes
TATCTTGGTGTTGCCG-1,Oligodendrocyte Precursors
TATCTTGTCAGGGTAG-1,Oligodendrocytes
TATCTTGTCCTTCACG-1,Oligodendrocytes
TATGTTCCATAGGTAA-1,Inhibitory
TATTCCAAGCATGAAT-1,Oligodendrocytes
TATTCCACACAATCTG-1,Oligodendrocytes
TATTCCAGTATGCAAA-1,Oligodendrocytes
TATTCCAGTCACTCTC-1,Oligodendrocytes
TATTCCAGTCGCCTAG-1,Oligodendrocytes
TATTGCTGTGTAGCAG-1,Oligodendrocytes
TATTGCTTCCTTTGAT-1,Vascular
TATTGGGCACGGGCTT-1,Oligodendrocytes
TATTGGGCAGCGCTTG-1,Astrocytes
TATTGGGTCTCACTCG-1,Microglia
TATTGGGTCTCGAACA-1,Microglia
TCAAGACAGTCGGGAT-1,Oligodendrocyte Precursors
TCAAGACCACCCAACG-1,Oligodendrocytes
TCAAGACCAGAAATTG-1,Oligodendrocytes
TCAAGACCATGGAGAC-1,Oligodendrocytes
TCAAGACGTAGATCGG-1,Oligodendrocytes
TCAAGCAAGCATATGA-1,Oligodendrocytes
TCAAGCAAGGACTAAT-1,Oligodendrocytes
TCAAGCATCGGTTGTA-1,Oligodendrocytes
TCAAGTGAGCGTTAGG-1,Oligodendrocytes
TCAAGTGAGCTGAAAT-1,Microglia
TCAAGTGCAATACCTG-1,Oligodendrocytes
TCAAGTGTCGGAGTGA-1,Astrocytes
TCAATCTAGTCACGAG-1,Microglia
TCAATCTCAAATGGAT-1,Vascular
TCAATCTGTTGGACCC-1,Oligodendrocytes
TCAATTCAGCTTGTTG-1,Oligodendrocytes
TCAATTCCAACGCATT-1,Astrocytes
TCAATTCGTTGAGGAC-1,Oligodendrocytes
TCACAAGCATTGACCA-1,Astrocytes
TCACAAGGTCACTCGG-1,Microglia
TCACAAGTCGGTCACG-1,Vascular
TCACAAGTCTCGTGGG-1,Oligodendrocytes
TCACAAGTCTTGAGCA-1,Oligodendrocytes
TCACACCAGCCGTCGT-1,Oligodendrocytes
TCACACCCACAATGCT-1,Oligodendrocytes
TCACACCGTCATATGC-1,Oligodendrocytes
TCACATTAGTGCAGCA-1,Inhibitory
TCACATTGTAGACGGT-1,Astrocytes
TCACGCTCACCTCTGT-1,Oligodendrocyte Precursors
TCACGGGCACGCTGTG-1,Oligodendrocytes
TCACGGGTCGGAGATG-1,Oligodendrocytes
TCACGGGTCTGAGCAT-1,Astrocytes
TCACTATCAGGAAGTC-1,Oligodendrocytes
TCACTATGTACGAGCA-1,Astrocytes
TCACTATTCGTCCTCA-1,Oligodendrocytes
TCACTATTCTCCAATT-1,Oligodendrocytes
TCACTCGAGTCACGAG-1,Microglia
TCACTCGGTTAAGAAC-1,Microglia
TCACTCGGTTACACAC-1,Oligodendrocytes
TCAGCAAAGAAATTCG-1,Microglia
TCAGCAAAGTACAGCG-1,Oligodendrocyte Precursors
TCAGCAAAGTTTCAGC-1,Oligodendrocyte Precursors
TCAGCAACAGCAGTCC-1,Excitatory
TCAGCAATCGAATGCT-1,Astrocytes
TCAGCAATCTGAATCG-1,Oligodendrocytes
TCAGCCTAGGGTAGCT-1,Microglia
TCAGCCTGTGAGTAAT-1,Oligodendrocytes
TCAGCCTTCGCTAGCG-1,Astrocytes
TCAGCCTTCGTGTTCC-1,Microglia
TCAGGGCCACTGAGGA-1,Oligodendrocytes
TCAGGTAAGCACGGAT-1,Astrocytes
TCAGGTACAGGACGAT-1,Oligodendrocytes
TCAGGTAGTCGTTTCC-1,Oligodendrocytes
TCAGGTATCCTCACCA-1,Oligodendrocytes
TCAGGTATCTATCACT-1,Astrocytes
TCAGTCCAGGTGAGCT-1,Oligodendrocytes
TCAGTCCCAACGGGTA-1,Microglia
TCAGTCCCATTGGATC-1,Vascular
TCAGTCCTCGCCAGAC-1,Oligodendrocytes
TCAGTGAAGATGGCAC-1,Oligodendrocyte Precursors
TCAGTGAAGGCCTAAG-1,Astrocytes
TCAGTGAGTATTGACC-1,Oligodendrocytes
TCAGTTTAGGTCTTTG-1,Oligodendrocytes
TCATACTGTGATTAGA-1,Microglia
TCATACTTCATCACTT-1,Inhibitory
TCATATCAGCACGGAT-1,Vascular
TCATATCCAAGCAATA-1,Oligodendrocytes
TCATATCGTGAGCTCC-1,Oligodendrocytes
TCATCATAGCGTGTTT-1,Inhibitory
TCATCATGTGCCTAAT-1,Oligodendrocyte Precursors
TCATCATGTTGCTAGT-1,Oligodendrocytes
TCATCATTCAAGCCAT-1,Astrocytes
TCATCATTCCCATGGG-1,Microglia
TCATCCGAGTGTACAA-1,Astrocytes
TCATCCGCACGACAAG-1,Microglia
TCATCCGGTACTGCGC-1,Vascular
TCATCCGGTCGCACGT-1,Oligodendrocytes
TCATCCGTCGGTGCAC-1,Oligodendrocytes
TCATGAGAGTAGGGTC-1,Astrocytes
TCATGAGCACTGTGTA-1,Oligodendrocytes
TCATGAGCATCGAAGG-1,Astrocytes
TCATGAGTCAGTCAGT-1,Oligodendrocytes
TCATGCCAGCGGGTTA-1,Microglia
TCATGCCAGGCTGGAT-1,Vascular
TCATGCCGTATTGAGA-1,Microglia
TCATGCCTCACCGCTT-1,Astrocytes
TCATGCCTCATTGCGA-1,Vascular
TCATGCCTCGTCGGGT-1,Astrocytes
TCATGGAGTAGATTAG-1,Astrocytes
TCATGTTAGAAATGGG-1,Oligodendrocytes
TCATGTTAGCACCTGC-1,Astrocytes
TCATGTTCACTCAGAT-1,Oligodendrocytes
TCATGTTCAGACCGCT-1,Vascular
TCATGTTTCCGTGTGG-1,Oligodendrocytes
TCATGTTTCTGTGCGG-1,Oligodendrocyte Precursors
TCATTACAGCTATCCA-1,Oligodendrocyte Precursors
TCATTACAGGATTACA-1,Oligodendrocytes
TCATTACCAACTCATG-1,Oligodendrocytes
TCATTACGTGTTCCTC-1,Oligodendrocytes
TCATTACTCTAGACCA-1,Oligodendrocytes
TCATTACTCTAGCCAA-1,Astrocytes
TCATTCAGTAGTGGCA-1,Astrocytes
TCATTCAGTTGTGTTG-1,Oligodendrocytes
TCATTGTAGACCAAAT-1,Oligodendrocytes
TCATTGTCAACCAATC-1,Oligodendrocytes
TCATTGTCACTTACAG-1,Oligodendrocyte Precursors
TCATTGTGTCCGGACT-1,Astrocytes
TCATTGTGTTGGAGGT-1,Microglia
TCATTTGAGACGAGCT-1,Oligodendrocytes
TCATTTGCACTTGTCC-1,Inhibitory
TCATTTGCATAAGCGG-1,Oligodendrocytes
TCCACCACAAAGCTCT-1,Oligodendrocytes
TCCACCAGTACATACC-1,Oligodendrocytes
TCCACGTCACTAAACC-1,Oligodendrocyte Precursors
TCCACGTCATCGTTCC-1,Vascular
TCCAGAAAGACGGAAA-1,Oligodendrocytes
TCCAGAAAGATACATG-1,Oligodendrocyte Precursors
TCCAGAAAGTTGCATC-1,Astrocytes
TCCAGAATCGGACTTA-1,Microglia
TCCATCGGTCATGACT-1,Oligodendrocytes
TCCATGCAGAGCAGAA-1,Oligodendrocytes
TCCATGCTCACAAGAA-1,Oligodendrocytes
TCCCACAAGAAGTCAT-1,Vascular
TCCCACAGTACCGCGT-1,Oligodendrocytes
TCCCACATCATCGGGC-1,Oligodendrocytes
TCCCACATCTGGGCAC-1,Astrocytes
TCCCAGTCAGCAGAAC-1,Oligodendrocytes
TCCCAGTGTCGGAACA-1,Astrocytes
TCCCATGAGGAGCTGT-1,Oligodendrocytes
TCCCATGCAAGGCGTA-1,Astrocytes
TCCCATGTCCCGATCT-1,Inhibitory
TCCGAAACATTGGGAG-1,Microglia
TCCGATCGTAAGGTCG-1,Oligodendrocytes
TCCGATCGTTATCTGG-1,Oligodendrocytes
TCCGATCTCTGTCCCA-1,Oligodendrocytes
TCCGGGAGTGGTGATG-1,Microglia
TCCGTGTCATAATCCG-1,Oligodendrocytes
TCCGTGTGTCAGACGA-1,Oligodendrocytes
TCCTAATAGCAGTCTT-1,Oligodendrocytes
TCCTAATCAAATCAAG-1,Oligodendrocytes
TCCTAATGTGGCTTAT-1,Astrocytes
TCCTAATGTTACCTGA-1,Oligodendrocytes
TCCTAATTCTAAGCCA-1,Microglia
TCCTCCCAGATAACGT-1,Excitatory
TCCTCCCAGTACGAGC-1,Oligodendrocyte Precursors
TCCTCCCCAACGATCT-1,Microglia
TCCTCCCCACATAACC-1,Oligodendrocytes
TCCTCCCCAGACCTAT-1,Excitatory
TCCTCCCGTTAGTCGT-1,Oligodendrocytes
TCCTCCCTCCAAACCA-1,Inhibitory
TCCTCCCTCCTCACTG-1,Oligodendrocytes
TCCTCGAAGCTCCACG-1,Oligodendrocytes
TCCTCGACACACTGGC-1,Astrocytes
TCCTCGAGTTGCCTAA-1,Oligodendrocyte Precursors
TCCTCTTAGTCTGGAG-1,Microglia
TCCTCTTGTTTGGAAA-1,Microglia
TCCTCTTTCATCACTT-1,Astrocytes
TCCTGCACAAGCTGCC-1,Microglia
TCCTGCAGTTGCATGT-1,Oligodendrocytes
TCCTGCATCGGTCGGT-1,Microglia
TCCTTCTAGGTTCCAT-1,Oligodendrocytes
TCCTTCTCACTGGATT-1,Astrocytes
TCCTTCTCATAGGTTC-1,Astrocytes
TCCTTCTTCATTTACC-1,Microglia
TCGAAGTAGCGATCGA-1,Oligodendrocytes
TCGAAGTCACGCGCAT-1,Oligodendrocytes
TCGAAGTGTATACCTG-1,Oligodendrocytes
TCGAAGTGTTTGTTCT-1,Astrocytes
TCGAAGTTCAGGAACG-1,Microglia
TCGAAGTTCTGCACCT-1,Microglia
TCGACCTAGCAATAAC-1,Vascular
TCGACCTGTATCCTTT-1,Microglia
TCGACCTGTCGAACAG-1,Oligodendrocytes
TCGACGGTCACAGAGG-1,Microglia
TCGACGGTCGCCGTGA-1,Microglia
TCGACGGTCTCGCAGG-1,Microglia
TCGATTTAGCATGCAG-1,Oligodendrocytes
TCGCACTCAGTAACGG-1,Oligodendrocytes
TCGCACTTCTGGGCAC-1,Oligodendrocytes
TCGCACTTCTTACCGC-1,Astrocytes
TCGCAGGAGTTTCTTC-1,Oligodendrocytes
TCGCAGGGTACAAACA-1,Oligodendrocytes
TCGCAGGTCATAGAGA-1,Vascular
TCGCTCAAGTAGTCTC-1,Oligodendrocyte Precursors
TCGCTCATCAAATAGG-1,Oligodendrocytes
TCGCTCATCTAGCCTC-1,Microglia
TCGCTCATCTATCGTT-1,Oligodendrocytes
TCGCTTGGTAGTGTGG-1,Oligodendrocytes
TCGCTTGTCGCTGCGA-1,Oligodendrocytes
TCGGATACAACTGTGT-1,Excitatory
TCGGATACAAGAGTGC-1,Astrocytes
TCGGATACAGACTCTA-1,Oligodendrocytes
TCGGATATCTTCGGAA-1,Oligodendrocytes
TCGGGACAGAGAACCC-1,Microglia
TCGGGACCAGGTGTGA-1,Inhibitory
TCGGGACGTGACTCGC-1,Oligodendrocytes
TCGGGCACAGTTTCAG-1,Microglia
TCGGGTGTCTACCACC-1,Oligodendrocytes
TCGGGTGTCTCCGAGG-1,Oligodendrocytes
TCGGTCTGTGATAGTA-1,Oligodendrocyte Precursors
TCGGTCTTCACTGATG-1,Vascular
TCGGTCTTCGAATGCT-1,Oligodendrocyte Precursors
TCGGTCTTCTATCACT-1,Oligodendrocytes
TCGTAGAGTCATACCA-1,Microglia
TCGTAGAGTCCTCATC-1,Astrocytes
TCGTAGATCGCCTAGG-1,Microglia
TCGTCCACATTCAGCA-1,Inhibitory
TCGTGCTAGAGGGCGA-1,Astrocytes
TCGTGCTAGCATTTCG-1,Vascular
TCGTGCTCAAGTGGCA-1,Microglia
TCGTGCTGTTGCGTAT-1,Oligodendrocytes
TCGTGCTTCAGCTGTA-1,Oligodendrocytes
TCGTGCTTCCCGAATA-1,Astrocytes
TCGTGCTTCTCGCAGG-1,Oligodendrocytes
TCGTGGGAGAGCAGAA-1,Oligodendrocytes
TCGTGGGCAGCAGAAC-1,Oligodendrocytes
TCGTGGGCATTGTACG-1,Oligodendrocytes
TCTAACTTCGACACTA-1,Astrocytes
TCTAACTTCTGCACCT-1,Microglia
TCTACATAGCAACTCT-1,Inhibitory
TCTACATAGGACAACC-1,Oligodendrocytes
TCTACCGAGCGGTAAC-1,Vascular
TCTACCGAGGTGCTGA-1,Microglia
TCTACCGCACACGCCA-1,Oligodendrocytes
TCTACCGGTGTGTGTT-1,Oligodendrocytes
TCTATACGTAGGCAGT-1,Oligodendrocytes
TCTATACTCCCACAGG-1,Microglia
TCTATACTCCGTGACG-1,Oligodendrocytes
TCTATACTCCTGCCAT-1,Microglia
TCTATCACACAGTCAT-1,Astrocytes
TCTATCACATCTAACG-1,Microglia
TCTATCAGTGGCATCC-1,Astrocytes
TCTATCATCCAGTTCC-1,Astrocytes
TCTATCATCGAACGCC-1,Oligodendrocytes
TCTATCATCGGCGATC-1,Oligodendrocytes
TCTCACGCATGGATCT-1,Inhibitory
TCTCACGTCTATCCAT-1,Oligodendrocytes
TCTCAGCCACGGCGTT-1,Astrocytes
TCTCAGCCAGCACGAA-1,Oligodendrocytes
TCTCAGCGTAAGGCCA-1,Oligodendrocytes
TCTCAGCGTCCTTGTC-1,Astrocytes
TCTCCGACATTCTCTA-1,Astrocytes
TCTCCGAGTCTCTCAC-1,Astrocytes
TCTCCGATCCAAACCA-1,Microglia
TCTCTGGCAAATAAGC-1,Microglia
TCTCTGGCAAGGGTCA-1,Microglia
TCTCTGGCACATTACG-1,Astrocytes
TCTCTGGCAGAGAAAG-1,Oligodendrocytes
TCTCTGGCAGCGTACC-1,Astrocytes
TCTCTGGGTCGAACAG-1,Vascular
TCTCTGGTCTGGCCGA-1,Astrocytes
TCTGCCAAGGCTCTCG-1,Oligodendrocytes
TCTGCCAAGGGATCTG-1,Vascular
TCTGCCAAGTAGAGTT-1,Oligodendrocytes
TCTGCCATCAACACGT-1,Vascular
TCTGGCTAGCCAACCC-1,Oligodendrocyte Precursors
TCTTAGTGTAGTGGCA-1,Microglia
TCTTAGTTCTAAGCGT-1,Inhibitory
TCTTCCTCAAAGAACT-1,Inhibitory
TCTTCCTCAGTATTCG-1,Oligodendrocytes
TCTTCCTGTAGCTTTG-1,Astrocytes
TCTTCCTGTCCTGGTG-1,Astrocytes
TCTTGCGAGGACATCG-1,Oligodendrocytes
TCTTGCGTCGCAGTCG-1,Astrocytes
TGAACGTAGGAGAATG-1,Vascular
TGAACGTAGGTGGGTT-1,Oligodendrocyte Precursors
TGAACGTAGTATGCAA-1,Microglia
TGAACGTGTATGATCC-1,Oligodendrocytes
TGAATCGCATCTAACG-1,Oligodendrocyte Precursors
TGAATGCCAGCAAGAC-1,Oligodendrocytes
TGACAGTCAAAGGTTA-1,Microglia
TGACAGTCATGAGAAT-1,Oligodendrocytes
TGACCCTCAGTCAGAG-1,Oligodendrocytes
TGACCCTTCACATTGG-1,Oligodendrocytes
TGACGCGCAAGACCGA-1,Microglia
TGACGCGCACACTTAG-1,Astrocytes
TGACGCGGTTAAGACA-1,Oligodendrocytes
TGAGCATAGGGTAATT-1,Oligodendrocytes
TGAGCATTCTGGTGGC-1,Microglia
TGAGCGCGTGAATAAC-1,Oligodendrocyte Precursors
TGAGCGCTCTGTCCGT-1,Oligodendrocytes
TGAGGTTCACTGAGGA-1,Oligodendrocytes
TGAGTCACAAAGGCTG-1,Microglia
TGAGTCAGTTCGGTTA-1,Excitatory
TGAGTCATCACCGGGT-1,Vascular
TGAGTCATCGAGTTGT-1,Astrocytes
TGATCAGAGCGAATGC-1,Astrocytes
TGATCAGCAGACAAGC-1,Oligodendrocytes
TGATCTTAGACATCCT-1,Oligodendrocytes
TGATCTTGTCCGTACG-1,Microglia
TGATCTTTCGATAACC-1,Oligodendrocytes
TGATGCACACGCTGAC-1,Oligodendrocyte Precursors
TGATGCAGTAGTAAGT-1,Oligodendrocytes
TGATGCATCAGCGTCG-1,Microglia
TGATGGTCAAGCAATA-1,Oligodendrocytes
TGATTCTAGAAGTCAT-1,Oligodendrocytes
TGATTCTAGATTGACA-1,Astrocytes
TGATTCTCAAAGGATT-1,Astrocytes
TGATTTCGTAGACACG-1,Microglia
TGATTTCGTGGACTGA-1,Oligodendrocytes
TGATTTCTCAACGAGG-1,Microglia
TGATTTCTCCTTGGAA-1,Oligodendrocytes
TGCACGGTCCAGCCTT-1,Vascular
TGCAGATAGCATACTC-1,Oligodendrocytes
TGCAGGCCAAAGGCTG-1,Oligodendrocytes
TGCAGGCCACTCAGAT-1,Vascular
TGCAGGCGTGGAACAC-1,Oligodendrocytes
TGCAGTAAGTCGCCAC-1,Oligodendrocytes
TGCAGTAGTACAGAGC-1,Astrocytes
TGCATCCCAAGTATCC-1,Microglia
TGCATCCCATCATGAC-1,Oligodendrocyte Precursors
TGCATGACACGCGCTA-1,Oligodendrocytes
TGCATGAGTATGGAAT-1,Oligodendrocytes
TGCATGATCTGACGCG-1,Astrocytes
TGCCGAGAGGCTTTCA-1,Microglia
TGCCGAGCAACGGCTC-1,Astrocytes
TGCCGAGCAGACAAGC-1,Oligodendrocytes
TGCGACGAGCAGGCAT-1,Oligodendrocytes
TGCGACGCAAGGCGTA-1,Microglia
TGCGATACAATCAAGA-1,Astrocytes
TGCGGCAAGCTCCATA-1,Oligodendrocytes
TGCGGCACACGCCACA-1,Oligodendrocyte Precursors
TGCGGCATCGGCATAT-1,Oligodendrocytes
TGCGGGTAGCCTATCA-1,Astrocytes
TGCGGGTCACATGACT-1,Oligodendrocytes
TGCGGGTCACCGTGGT-1,Inhibitory
TGCGGGTGTCTTGTCC-1,Oligodendrocyte Precursors
TGCTCCACATACTGAC-1,Oligodendrocytes
TGCTCCAGTACAAGTA-1,Oligodendrocytes
TGCTCCATCGTAATGC-1,Oligodendrocytes
TGCTCCATCTTCACAT-1,Microglia
TGCTCGTAGGTTGAGC-1,Oligodendrocyte Precursors
TGCTCGTCAATTGCGT-1,Oligodendrocytes
TGCTCGTCATCCTGTC-1,Microglia
TGCTCGTGTGTCTCCT-1,Astrocytes
TGCTGAAGTAAGACCG-1,Oligodendrocytes
TGCTGAAGTAGAATGT-1,Oligodendrocytes
TGCTGAAGTCTGATCA-1,Oligodendrocytes
TGCTGAATCCACTTCG-1,Astrocytes
TGCTGAATCGCTCCTA-1,Excitatory
TGCTTCGAGAAACCAT-1,Oligodendrocytes
TGCTTCGCATATCGGT-1,Astrocytes
TGCTTCGTCGATACGT-1,Oligodendrocytes
TGCTTGCAGCCTCACG-1,Oligodendrocytes
TGCTTGCGTGTATCCA-1,Inhibitory
TGCTTGCTCGGTTCAA-1,Oligodendrocytes
TGGAACTAGGTTGACG-1,Microglia
TGGAACTAGTGCCTCG-1,Astrocytes
TGGAACTCACGGTCTG-1,Astrocytes
TGGAGAGAGCGTGAGT-1,Oligodendrocyte Precursors
TGGAGGAGTTGTTTGG-1,Microglia
TGGAGGATCTGCTTTA-1,Oligodendrocytes
TGGATCACACCAGTTA-1,Oligodendrocyte Precursors
TGGATCACACTCCGGA-1,Oligodendrocyte Precursors
TGGATCACAGTCGCTG-1,Oligodendrocytes
TGGATGTCACGTGAGA-1,Oligodendrocytes
TGGATGTCATGGGTTT-1,Vascular
TGGATGTCATGTGTCA-1,Oligodendrocytes
TGGATGTGTATAATGG-1,Oligodendrocytes
TGGATGTTCGAAATCC-1,Oligodendrocyte Precursors
TGGATGTTCTCTTGCG-1,Oligodendrocytes
TGGCGTGAGGGAACAA-1,Oligodendrocytes
TGGGAAGTCTGGCCTT-1,Astrocytes
TGGGAGAAGGATTTAG-1,Astrocytes
TGGGAGAAGGGCTGAT-1,Excitatory
TGGGAGACAGCACAGA-1,Oligodendrocytes
TGGGAGATCACGGTCG-1,Astrocytes
TGGGATTAGGGAGTGG-1,Oligodendrocytes
TGGGATTAGTACAGCG-1,Astrocytes
TGGGATTCATGTGGTT-1,Oligodendrocytes
TGGGCGTCACCATTCC-1,Astrocytes
TGGGCGTGTAGGACTG-1,Astrocytes
TGGGCGTGTTCTCGTC-1,Oligodendrocytes
TGGGCTGGTGGTTTAC-1,Oligodendrocytes
TGGGTTACAAGTGGCA-1,Oligodendrocytes
TGGTACAAGATGTTCC-1,Astrocytes
TGGTACATCATGCCCT-1,Oligodendrocytes
TGGTAGTCACGCACCA-1,Microglia
TGGTAGTGTACAGTAA-1,Oligodendrocytes
TGGTAGTTCCTCTAAT-1,Microglia
TGGTGATCACAGTGAG-1,Astrocytes
TGGTGATCACTACTTT-1,Oligodendrocyte Precursors
TGGTGATCAGCTACCG-1,Oligodendrocyte Precursors
TGGTGATGTACCTATG-1,Oligodendrocytes
TGGTTAGCACAAGCCC-1,Oligodendrocytes
TGGTTAGCAGCGACCT-1,Oligodendrocytes
TGGTTAGCAGTGTACT-1,Oligodendrocytes
TGGTTAGTCTCTATAC-1,Astrocytes
TGTAACGAGTATAGAC-1,Oligodendrocytes
TGTAACGCAGACCTGC-1,Astrocytes
TGTAACGGTGTCATTG-1,Astrocytes
TGTAACGTCACTAGCA-1,Oligodendrocytes
TGTAACGTCATGGTAC-1,Astrocytes
TGTAACGTCTATTCGT-1,Astrocytes
TGTAAGCAGAAGAACG-1,Microglia
TGTAAGCGTATAGCTC-1,Astrocytes
TGTAAGCGTTGACGGA-1,Astrocytes
TGTAAGCTCGCCGTGA-1,Oligodendrocyte Precursors
TGTACAGAGGGAGTTC-1,Astrocytes
TGTACAGCAAGTAGTA-1,Astrocytes
TGTACAGCAATTCGTG-1,Microglia
TGTACAGCAGTGCCTG-1,Microglia
TGTACAGTCCCGTGTT-1,Vascular
TGTAGACGTCACTTAG-1,Oligodendrocytes
TGTAGACGTCGACGCT-1,Vascular
TGTAGACGTGAACTAA-1,Oligodendrocytes
TGTAGACTCGGAATTC-1,Astrocytes
TGTCAGAAGACCATGG-1,Astrocytes
TGTCAGACAACACACT-1,Astrocytes
TGTCAGATCTAGAGCT-1,Oligodendrocytes
TGTCCACAGTCACAGG-1,Oligodendrocyte Precursors
TGTCCACGTATGCAAA-1,Astrocytes
TGTCCTGCACCCAACG-1,Inhibitory
TGTCCTGCATGTGGTT-1,Microglia
TGTCCTGGTCCCGTGA-1,Oligodendrocytes
TGTGAGTCAATGAAAC-1,Vascular
TGTGAGTCACTCTCGT-1,Microglia
TGTGAGTGTACGTGTT-1,Astrocytes
TGTGAGTGTTCCGTTC-1,Vascular
TGTGAGTTCACATACG-1,Astrocytes
TGTGCGGAGTAAGACT-1,Oligodendrocytes
TGTGCGGCATTCAGCA-1,Microglia
TGTGGCGCAAGTAGTA-1,Astrocytes
TGTGGCGCACAAGGTG-1,Oligodendrocytes
TGTGGCGCACACCAGC-1,Microglia
TGTGGCGCATGGAATA-1,Oligodendrocytes
TGTGGCGGTGTCCGGT-1,Oligodendrocyte Precursors
TGTGGCGTCAACCTCC-1,Oligodendrocytes
TGTGGCGTCTCGTGAA-1,Microglia
TGTGTGAAGATGCTAA-1,Oligodendrocytes
TGTGTGAAGCGCGTTC-1,Oligodendrocytes
TGTGTGAGTTCCGCAG-1,Microglia
TGTTCATAGGGCCAAT-1,Inhibitory
TGTTCATCATTGGATC-1,Oligodendrocytes
TGTTCCGGTCCTCCAT-1,Astrocytes
TGTTCCGTCCTGCCAT-1,Vascular
TGTTCTATCAGGTGTT-1,Microglia
TGTTCTATCGGCATTA-1,Astrocytes
TGTTGAGCATGGAGAC-1,Oligodendrocytes
TGTTGGACAATAGTAG-1,Oligodendrocytes
TGTTGGACAATATCCG-1,Astrocytes
TGTTGGATCAACTACG-1,Oligodendrocytes
TGTTGGATCAGGACGA-1,Astrocytes
TGTTTGTCATAAGCGG-1,Oligodendrocytes
TTAATCCCACGACGCT-1,Astrocytes
TTACAGGAGTCGAAAT-1,Oligodendrocytes
TTACAGGCAGAGCCCT-1,Astrocytes
TTACAGGGTCCGACGT-1,Oligodendrocytes
TTACAGGTCCGACATA-1,Astrocytes
TTACCGCTCGATACTG-1,Astrocytes
TTACCGCTCGTAGCTA-1,Oligodendrocytes
TTACCGCTCTCATGGA-1,Oligodendrocytes
TTACGCCCACACCGCA-1,Oligodendrocytes
TTACGCCCATGAGGGT-1,Oligodendrocytes
TTACGCCGTCATTGCA-1,Oligodendrocytes
TTACGCCGTCGAGCTC-1,Oligodendrocyte Precursors
TTACGCCTCCCAGCGA-1,Oligodendrocytes
TTACGTTCAAGTCCAT-1,Microglia
TTACGTTTCATTTCCA-1,Inhibitory
TTACTGTGTCTGGTTA-1,Astrocytes
TTACTGTGTGTTGAGG-1,Astrocytes
TTAGGCACATCACAGT-1,Oligodendrocytes
TTAGGCAGTGACGCCT-1,Astrocytes
TTAGGGTAGGGTACGT-1,Oligodendrocytes
TTAGGGTGTTGCTAGT-1,Astrocytes
TTATTGCCACGCTGCA-1,Oligodendrocytes
TTATTGCCAGCAGTCC-1,Oligodendrocytes
TTATTGCGTATCGTGT-1,Oligodendrocytes
TTCAATCAGATAGCTA-1,Microglia
TTCACCGGTGTCCTAA-1,Oligodendrocytes
TTCACCGTCGAGAAAT-1,Oligodendrocytes
TTCACGCCAACACAGG-1,Microglia
TTCACGCCACGTACTA-1,Oligodendrocyte Precursors
TTCACGCTCGGCGATC-1,Oligodendrocytes
TTCATGTCACCGGAAA-1,Oligodendrocytes
TTCATGTGTATGCTAC-1,Microglia
TTCATGTTCGTTGTAG-1,Microglia
TTCATTGAGCAGAAAG-1,Oligodendrocytes
TTCATTGTCACGATCA-1,Microglia
TTCCAATAGCAAATGT-1,Astrocytes
TTCCAATCAATGGCAG-1,Oligodendrocytes
TTCCACGAGAATTTGG-1,Microglia
TTCCACGGTGAATTAG-1,Oligodendrocyte Precursors
TTCCGGTAGAAGCCAC-1,Oligodendrocytes
TTCCGGTAGCTTCTAG-1,Oligodendrocytes
TTCCGTGCACTCTGCT-1,Oligodendrocytes
TTCCGTGGTATTCCGA-1,Oligodendrocyte Precursors
TTCCGTGTCACAACCA-1,Astrocytes
TTCCGTGTCTGTGCTC-1,Oligodendrocytes
TTCCTAAGTTCGGCCA-1,Oligodendrocyte Precursors
TTCCTCTTCAAACCCA-1,Oligodendrocytes
TTCCTCTTCACAGAGG-1,Oligodendrocytes
TTCCTCTTCCAACTGA-1,Oligodendrocyte Precursors
TTCCTCTTCGTAACAC-1,Oligodendrocyte Precursors
TTCCTTCAGGATGTTA-1,Oligodendrocytes
TTCCTTCAGGCTGAAC-1,Astrocytes
TTCGATTCACTATCCC-1,Oligodendrocytes
TTCGATTCATCATTTC-1,Astrocytes
TTCGATTTCATACAGC-1,Microglia
TTCGATTTCTGCCTCA-1,Microglia
TTCGATTTCTTAGGAC-1,Oligodendrocytes
TTCGCTGTCTCTGCTG-1,Oligodendrocytes
TTCGGTCAGAAATTCG-1,Microglia
TTCGGTCGTCCACTCT-1,Oligodendrocytes
TTCTAACAGCAAATGT-1,Astrocytes
TTCTAACAGCGTGCTC-1,Microglia
TTCTAACCAAGAGTAT-1,Oligodendrocytes
TTCTAGTCACCAAATC-1,Oligodendrocytes
TTCTAGTTCGGAGATG-1,Astrocytes
TTCTGTATCAACTACG-1,Oligodendrocytes
TTCTTCCCAATTGCCA-1,Oligodendrocytes
TTCTTCCCAGCGCGTT-1,Oligodendrocytes
TTCTTCCGTAGTCGGA-1,Oligodendrocytes
TTCTTGAGTACCTTCC-1,Microglia
TTCTTGATCATTCCTA-1,Oligodendrocytes
TTCTTGATCCTTTAGT-1,Oligodendrocyte Precursors
TTGAACGCATCCGATA-1,Astrocytes
TTGAACGGTGTGAGCA-1,Oligodendrocytes
TTGAACGTCGAAGCCC-1,Oligodendrocytes
TTGACCCCAGAATGTA-1,Oligodendrocytes
TTGACCCCAGCGTAGA-1,Inhibitory
TTGACCCGTGACTCGC-1,Microglia
TTGATGGGTGACTAAA-1,Oligodendrocytes
TTGATGGGTTTCGGCG-1,Oligodendrocytes
TTGCATTGTACTCGAT-1,Astrocytes
TTGCCTGGTTCAGGTT-1,Vascular
TTGCCTGGTTGTTGCA-1,Oligodendrocytes
TTGCGTCAGGTTTGAA-1,Oligodendrocyte Precursors
TTGCGTCTCGGTCTAA-1,Inhibitory
TTGCTGCCATGACAAA-1,Astrocytes
TTGCTGCGTCTACTGA-1,Oligodendrocytes
TTGCTGCTCTCGCGTT-1,Oligodendrocytes
TTGGATGCAGTTGTCA-1,Oligodendrocyte Precursors
TTGGGATGTAGATTAG-1,Astrocytes
TTGGGATGTCTAATCG-1,Astrocytes
TTGGGATGTGCATGTT-1,Astrocytes
TTGGGCGCATGACTAC-1,Astrocytes
TTGGGCGGTCCTTGTC-1,Astrocytes
TTGGGTAAGACGCAGT-1,Oligodendrocytes
TTGGGTAAGAGCCATG-1,Astrocytes
TTGGGTAGTCCTCCAT-1,Microglia
TTGGGTATCATCACTT-1,Astrocytes
TTGGTTTCAATGCAGG-1,Oligodendrocytes
TTGGTTTGTACGTGTT-1,Oligodendrocytes
TTGGTTTGTCTTCAAG-1,Astrocytes
TTGGTTTGTGATTGGG-1,Oligodendrocytes
TTGGTTTGTGTTCGAT-1,Oligodendrocytes
TTGTGGACACTCCCTA-1,Oligodendrocytes
TTGTGGATCTTTGCGC-1,Oligodendrocytes
TTGTGTTCACGTCATA-1,Excitatory
TTGTGTTTCCCATGGG-1,Astrocytes
TTGTTCAAGCCAACCC-1,Microglia
TTGTTCATCACCCATC-1,Oligodendrocyte Precursors
TTGTTGTAGCACGATG-1,Oligodendrocytes
TTGTTGTCACAACGCC-1,Oligodendrocytes
TTGTTGTCACTAAACC-1,Oligodendrocyte Precursors
TTGTTTGAGATGGTAT-1,Oligodendrocytes
TTGTTTGAGCTGACAG-1,Inhibitory
TTGTTTGTCGCCACTT-1,Oligodendrocytes
TTTACCATCAGAACCT-1,Microglia
TTTACGTCAATAGGAT-1,Oligodendrocytes
TTTACGTCAGATACTC-1,Oligodendrocytes
TTTACGTGTCCTTGTC-1,Microglia
TTTACTGTCCTGCCAT-1,Oligodendrocytes
TTTAGTCAGGTACATA-1,Microglia
TTTAGTCCACTGGACC-1,Microglia
TTTAGTCCAGAGAGGG-1,Astrocytes
TTTAGTCTCCAATGCA-1,Oligodendrocytes
TTTATGCAGTAATACG-1,Microglia
TTTCACAAGAACTTCC-1,Oligodendrocytes
TTTCACAGTGGTTTAC-1,Astrocytes
TTTCAGTAGCGAGTCA-1,Oligodendrocytes
TTTCAGTTCTTGTGCC-1,Oligodendrocytes
TTTCATGGTAACACGG-1,Microglia
TTTCATGGTCTACAGT-1,Astrocytes
TTTCATGGTTTGACAC-1,Oligodendrocytes
TTTCCTCCAGTTTCGA-1,Oligodendrocytes
TTTCCTCTCACTGAAC-1,Vascular
TTTCCTCTCAGTGTGT-1,Microglia
TTTCCTCTCGCTGTTC-1,Oligodendrocyte Precursors
TTTCGATCAGTGGTGA-1,Oligodendrocytes
TTTCGATGTAAGATCA-1,Oligodendrocytes
TTTCGATGTATGCTAC-1,Microglia
TTTCGATGTTACTCAG-1,Vascular
TTTGACTAGCCTCTGG-1,Astrocytes
TTTGACTCAACTGAAA-1,Astrocytes
TTTGACTTCACGGACC-1,Astrocytes
TTTGATCGTGGACCTC-1,Microglia
TTTGATCTCGCAAGAG-1,Astrocytes
TTTGGAGGTTGAGTCT-1,Oligodendrocyte Precursors
TTTGGTTAGAGCCGTA-1,Oligodendrocytes
TTTGGTTCAGAATTCC-1,Oligodendrocytes
TTTGGTTGTGGTCTGC-1,Oligodendrocyte Precursors
TTTGGTTTCACTGGGC-1,Vascular
TTTGTTGAGTCATCGT-1,Astrocytes
TTTGTTGCACAGTCCG-1,Astrocytes
TTTGTTGCATGCTGCG-1,Oligodendrocytes
