Cell,Type
A20huNucEpPt19NCLTSOP1BIO,Pvalb_Sulf1
B07huNucEpPt19NCLTSOP3BIO,Sst_Nos1
B19huNucEpPt19NCLTSOP1BIO,Sst_Calb1
C15huNucEpPt19NCLTSOP1BIO,Sst_Calb1
A05huNucEpPt19NCNeuNLTSOP1,Sst_Nos1
A07huNucEpPt19NCNeuNLTSOP1,Id2_Lamp5_Crh
A15huNucEpPt19NCNeuNLTSOP2,Sst_Tac3
A16huNucEpPt19NCNeuNLTSOP2,Sst_Tac3
B20huNucEpPt19NCNeuNLTSOP2,Sst_Nos1
C10huNucEpPt19NCNeuNLTSOP1,Id2_Lamp5_Nos1
C18huNucEpPt19NCNeuNLTSOP2,Id2_Lamp5_Nos1
C24huNucEpPt19NCNeuNLTSOP3,Id2_Lamp5_Crh
D18huNucEpPt19NCNeuNLTSOP2,Id2_Lamp5_Nos1
D21huNucEpPt19NCNeuNLTSOP3,Id2_Lamp5_Crh
E04huNucEpPt19NCNeuNLTSOP1,Id2_Lamp5_Nos1
E06huNucEpPt19NCNeuNLTSOP1,Vip_Nrg1
E13huNucEpPt19NCNeuNLTSOP2,Pvalb_Nos1
F17huNucEpPt19NCNeuNLTSOP2,Sst_Nos1
G03huNucEpPt19NCNeuNLTSOP1,Sst_Nos1
H07huNucEpPt19NCNeuNLTSOP1,Vip_Sema3c
H08huNucEpPt19NCNeuNLTSOP1,Id2_Lamp5_Nos1
H22huNucEpPt19NCNeuNLTSOP3,Id2_Lamp5_Nos1
A03huNucEpPt19NCNeuNLTSOP3,Id2_Lamp5_Nos1
A08huNucEpPt19NCNeuNLTSOP4,Id2_Lamp5_Nos1
A13huNucEpPt19NCMGELTSOPX,Sst_Calb1
E08huNucEpPt19NCNeuNLTSOP4,Id2_Lamp5_Nos1
G05huNucEpPt19NCNeuNLTSOP4,Id2_Pax6
G09huNucEpPt19NCNeuNLTSOP4,Id2_Lamp5_Nos1
H06huNucEpPt19NCNeuNLTSOP4,Id2_Lamp5_Crh
H08huNucEpPt19NCNeuNLTSOP4,Sst_Calb1
F13HB47NeoCP9,Vip_Sstr1
A09170707P3,Sst_Tac3
B02170707P3,Pvalb_Sulf1
C04170707P3,Sst_Nos1
F09170707P2,Pvalb_Sulf1
A05170918P3,Pvalb_Lgr5
A09170918P2,Sst_Tac1
B09170918P2,Sst_Tac1
C04170918P3,Pvalb_Sulf1
E01170918P3,Sst_Calb1
B09MGE171027P3,Sst_Nos1
C01MGE171027P1,Sst_Calb1
C02MGE171027P1,Sst_Tac3
E08CGE171115P1,Sst_Tac3
E11MGE171027P3,Sst_Stk32a
F08CGE171115P1,Sst_Nos1
H01MGE171027P1,Sst_Tac3
H08CGE171115P1,Pvalb_Sulf1
H10MGE171027P3,Id2_Nckap5
A05HB47NeoCP4,Sst_Tac3
A07HB47NeoCP1,Vip_Abi3bp
A08HB47NeoCP4BSA,Id2_Nckap5
A09HB47NeoCP6BSA,Pvalb_Sulf1
A13HB47NeoCP7Add,Vip_Sema3c
A15HB47NeoCP6BSA,Vip_Crh
A16HB47NeoCP6BSA,Vip_Sema3c
A18HB47NeoCP7Add,Pvalb_Crh
A19HB47NeoCP7,Vip_Abi3bp
A20HB47NeoCP7,Vip_Sema3c
A22HB47NeoCP7,Vip_Sstr1
A24HB47NeoCP7,Sst_Nos1
B02HB47NeoCP2,Id2_Lamp5_Nmbr
B03HB47NeoCP4,Id2_Lamp5_Crh
B04HB47NeoCP4,Pvalb_Sulf1
B05HB47NeoCP4,Pvalb_Sulf1
B08HB47NeoCP6BSA,Sst_Stk32a
B09HB47NeoCP6BSA,Vip_Abi3bp
B10HB47NeoCP6BSA,Vip_Crh
B12HB47NeoCP6BSA,Vip_Sstr1
B13HB47NeoCP6BSA,Vip_Abi3bp
B16HB47NeoCP6BSA,Sst_Nos1
B19HB47NeoCP8Add,Vip_Nrg1
B21HB47NeoCP7,Vip_Abi3bp
B22HB47NeoCP7,Vip_Cbln1
C02HB47NeoCP4,Id2_Nckap5
C03HB47NeoCP4,Vip_Cbln1
C13HB47NeoCP6BSA,Id2_Pax6
C16HB47NeoCP6BSA,Vip_Nrg1
C17HB47NeoCP7,Sst_Stk32a
C19HB47NeoCP7,Vip_Crh
C20HB47NeoCP7,Id2_Lamp5_Nmbr
C22HB47NeoCP7,Pvalb_Nos1
C24HB47NeoCP7,Pvalb_Sulf1
D02HB47NeoCP4,Sst_Stk32a
D03HB47NeoCP4,Vip_Sstr1
D04HB47NeoCP4,Id2_Nckap5
D06HB47NeoCP1,Pvalb_Crh
D07HB47NeoCP4BSA,Sst_Isoc1
D08HB47NeoCP6BSA,Id2_Pax6
D09HB47NeoCP6BSA,Pvalb_Sulf1
D11HB47NeoCP6BSA,Sst_Nos1
D13HB47NeoCP6BSA,Pvalb_Sulf1
D15HB47NeoCP6BSA,Vip_Nrg1
D16HB47NeoCP6BSA,Pvalb_Sulf1
D17HB47NeoCP7,Pvalb_Crh
D19HB47NeoCP7,Pvalb_Nos1
D24HB47NeoCP7,Sst_Stk32a
E01HB47NeoCP1,Vip_Cbln1
E04HB47NeoCP4,Id2_Lamp5_Crh
E08HB47NeoCP6BSA,Sst_Tac3
E10HB47NeoCP6BSA,Sst_Stk32a
E11HB47NeoCP6BSA,Id2_Pax6
E12HB47NeoCP6BSA,Pvalb_Sulf1
E13HB47NeoCP6BSA,Vip_Abi3bp
E15HB47NeoCP6BSA,Sst_Nos1
E16HB47NeoCP7,Id2_Pax6
E17HB47NeoCP7,Vip_Nrg1
E21HB47NeoCP7,Vip_Sema3c
E22HB47NeoCP7,Pvalb_Sulf1
E24HB47NeoCP7,Vip_Abi3bp
F03HB47NeoCP4,Pvalb_Nos1
F07HB47NeoCP4BSA,Pvalb_Nos1
F10HB47NeoCP6BSA,Vip_Abi3bp
F12HB47NeoCP6BSA,Sst_Calb1
F13HB47NeoCP6BSA,Vip_Sema3c
F14HB47NeoCP6BSA,Sst_Tac3
F16HB47NeoCP7,Sst_Nos1
F18HB47NeoCP8Add,Id2_Lamp5_Nos1
F19HB47NeoCP7,Vip_Abi3bp
F20HB47NeoCP7,Vip_Sstr1
F21HB47NeoCP7,Sst_Nos1
F22HB47NeoCP7,Pvalb_Crh
F23HB47NeoCP7,Sst_Tac3
F24HB47NeoCP7,Vip_Nrg1
G04HB47NeoCP4,Id2_Nckap5
G05HB47NeoCP4,Id2_Lamp5_Crh
G07HB47NeoCP4BSA,Pvalb_Sulf1
G08HB47NeoCP6BSA,Pvalb_Crh
G09HB47NeoCP6BSA,Id2_Pax6
G12HB47NeoCP6BSA,Vip_Abi3bp
G13HB47NeoCP6BSA,Sst_Stk32a
G14HB47NeoCP6BSA,Sst_Tac3
G17HB47NeoCP7,Vip_Sstr1
G19HB47NeoCP7,Sst_Nos1
G20HB47NeoCP7,Pvalb_Sulf1
G24HB47NeoCP7,Pvalb_Sulf1
H03HB47NeoCP4,Vip_Nrg1
H04HB47NeoCP4,Pvalb_Sulf1
H05HB47NeoCP4,Id2_Lamp5_Crh
H08HB47NeoCP6BSA,Vip_Cbln1
H09HB47NeoCP6BSA,Pvalb_Sulf1
H10HB47NeoCP6BSA,Sst_Stk32a
H11HB47NeoCP6BSA,Pvalb_Sulf1
H12HB47NeoCP6BSA,Vip_Crh
H13HB47NeoCP6BSA,Vip_Abi3bp
H16HB47NeoCP7,Pvalb_Sulf1
H18HB47NeoCP7,Vip_Tyr
H19HB47NeoCP7,Pvalb_Nos1
H20HB47NeoCP7,Sst_Calb1
H21HB47NeoCP7,Pvalb_Sulf1
H22HB47NeoCP7,Sst_Calb1
H24HB47NeoCP7,Pvalb_Sulf1
A01HB47NeoCP8,Id2_Lamp5_Nos1
A02HB47NeoCP8,Pvalb_Sulf1
A03HB47NeoCP8,Id2_Pax6
A05HB47NeoCP8,Sst_Nos1
A06HB47NeoCP8,Vip_Abi3bp
A07HB47NeoCP8,Vip_Sstr1
A10HB47NeoCP8,Vip_Crh
A11HB47NeoCP8,Pvalb_Sulf1
A14HB47NeoCP9,Sst_Calb1
A18HB47NeoCP10,Pvalb_Sulf1
A19HB47NeoCP10,Sst_Tac1
A20HB47NeoCP10,Pvalb_Crh
A22HB47NeoCP10,Id2_Lamp5_Crh
A23HB47NeoCP11,Pvalb_Lgr5
A24HB47NeoCP11,Sst_Nos1
B01HB47NeoCP8,Sst_Stk32a
B02HB47NeoCP8,Pvalb_Crh
B04HB47NeoCP8,Vip_Crh
B05HB47NeoCP8,Vip_Abi3bp
B06HB47NeoCP8,Vip_Crh
B08HB47NeoCP8,Id2_Lamp5_Nos1
B10HB47NeoCP8,Sst_Nos1
B11HB47NeoCP8,Id2_Lamp5_Crh
B12HB47NeoCP9,Pvalb_Lgr5
B18HB47NeoCP10,Pvalb_Nos1
B19HB47NeoCP10,Vip_Abi3bp
B20HB47NeoCP10,Pvalb_Nos1
B22HB47NeoCP10,Sst_Stk32a
B23HB47NeoCP11,Pvalb_Nos1
B24HB47NeoCP11,Vip_Sema3c
C01HB47NeoCP8,Pvalb_Lgr5
C02HB47NeoCP8,Vip_Abi3bp
C03HB47NeoCP8,Pvalb_Nos1
C06HB47NeoCP8,Vip_Crh
C10HB47NeoCP8,Id2_Lamp5_Crh
C12HB47NeoCP9,Pvalb_Sulf1
C14HB47NeoCP9,Vip_Crh
C15HB47NeoCP9,Id2_Nckap5
C18HB47NeoCP10,Pvalb_Sulf1
C20HB47NeoCP10,Pvalb_Nos1
C21HB47NeoCP10,Vip_Nrg1
D02HB47NeoCP8,Pvalb_Sulf1
D09HB47NeoCP8,Vip_Sstr1
D10HB47NeoCP8,Id2_Pax6
D11HB47NeoCP8,Pvalb_Nos1
D12HB47NeoCP9,Vip_Sstr1
D15HB47NeoCP9,Pvalb_Sulf1
D17HB47NeoCP10,Vip_Crh
D18HB47NeoCP10,Vip_Abi3bp
D19HB47NeoCP10,Sst_Tac3
D20HB47NeoCP10,Id2_Pax6
D21HB47NeoCP10,Pvalb_Nos1
D23HB47NeoCP11,Sst_Calb1
E02HB47NeoCP8,Vip_Crh
E03HB47NeoCP8,Vip_Crh
E04HB47NeoCP8,Vip_Abi3bp
E05HB47NeoCP8,Id2_Pax6
E07HB47NeoCP8,Pvalb_Crh
E11HB47NeoCP8,Sst_Stk32a
E13HB47NeoCP9,Sst_Tac1
E14HB47NeoCP9,Vip_Crh
E16HB47NeoCP10,Vip_Abi3bp
E17HB47NeoCP10,Sst_Calb1
E18HB47NeoCP10,Vip_Crh
E19HB47NeoCP10,Pvalb_Crh
E20HB47NeoCP10,Vip_Crh
E22HB47NeoCP10,Vip_Crh
E23HB47NeoCP11,Vip_Abi3bp
F03HB47NeoCP8,Vip_Abi3bp
F04HB47NeoCP8,Pvalb_Sulf1
F05HB47NeoCP8,Pvalb_Nos1
F07HB47NeoCP8,Sst_Stk32a
F12HB47NeoCP9,Sst_Nos1
F17HB47NeoCP10,Sst_Tac3
F19HB47NeoCP10,Sst_Tac3
F22HB47NeoCP11,Sst_Tac3
G01HB47NeoCP8,Vip_Tyr
G02HB47NeoCP8,Pvalb_Sulf1
G05HB47NeoCP8,Sst_Tac3
G07HB47NeoCP8,Vip_Nrg1
G08HB47NeoCP8,Sst_Tac3
G09HB47NeoCP8,Pvalb_Sulf1
G10HB47NeoCP8,Sst_Nos1
G12HB47NeoCP9,Pvalb_Crh
G13HB47NeoCP9,Pvalb_Crh
G14HB47NeoCP9,Id2_Lamp5_Crh
G15HB47NeoCP9,Sst_Stk32a
G18HB47NeoCP10,Vip_Sstr1
G19HB47NeoCP10,Id2_Lamp5_Nos1
G20HB47NeoCP10,Sst_Tac3
G22HB47NeoCP11,Pvalb_Nos1
H01HB47NeoCP8,Vip_Sstr1
H02HB47NeoCP8,Sst_Tac3
H06HB47NeoCP8,Pvalb_Nos1
H07HB47NeoCP8,Pvalb_Sulf1
H09HB47NeoCP8,Pvalb_Sulf1
H10HB47NeoCP8,Id2_Lamp5_Crh
H20HB47NeoCP10,Sst_Calb1
H23HB47NeoCP11,Pvalb_Nos1
H07170918P3,L5_6_Themis_Sema3a
D01MGE171027P1,L5_6_Themis_Sema3a
H03MGE171027P1,L5_6_Themis_Sema3a
B08NeuN171115P1,L5_6_Themis_Sema3a
G02170918P3,L5_6_Themis_Sema3a
F06170707P3,L5_6_Themis_Sema3a
C17HB47NeoCP10,L5_6_Themis_Sema3a
C11MGE171027P3,L5_6_Themis_Sema3a
B04170707P3,L5_6_Themis_Sema3a
G06170918P3,L5_6_Themis_Sema3a
D13HB47NeoCP9,L5_6_Themis_Sema3a
A08170918P3,L5_6_Themis_Sema3a
B10MGE171027P3,L5_6_Themis_Sema3a
E04170918P3,L5_6_Themis_Sema3a
E01MGE171027P1,L5_6_Themis_Sema3a
F03170918P3,L5_6_Themis_Sema3a
D03MGE171027P1,L5_6_Themis_Sema3a
G09MGE171027P3,L5_6_Themis_Sema3a
A02MGE171027P1,L5_6_Themis_Sema3a
H02170918P3,L5_6_Themis_Sema3a
C08170707P3,L5_6_Themis_Sema3a
H04MGE171027P1,L5_6_Themis_Sema3a
A09MGE171027P3,L5_6_Themis_Sema3a
A01170707P3,L2_3_Cux2_Frem3
G07170918P3,L5_6_Themis_Sema3a
F02MGE171027P1,L5_6_Themis_Sema3a
B10170918P2,L5_6_Themis_Sema3a
G03MGE171027P1,L5_6_Themis_Sema3a
F04MGE171027P1,L5_6_Themis_Sema3a
B06HB47NeoCP4,L5_6_Themis_Sema3a
F05170707P3,L5_6_Fezf2_Lrrk1_Pcp4
D05HB47NeoCP8,L5_6_Fezf2_Lrrk1_Pcp4
D03170918P3,L5_6_Fezf2_Lrrk1_Pcp4
C08170918P3,L5_6_Fezf2_Lrrk1_Pcp4
B15HB47NeoCP9,L5_6_Fezf2_Lrrk1_Sema3e
H09170918P2,L5_6_Themis_Sema3a
E03MGE171027P1,L5_6_Themis_Sema3a
H23HB47NeoCP7,L5_6_Fezf2_Lrrk1_Pcp4
G01MGE171027P1,L5_6_Themis_Sema3a
F14HB47NeoCP9,L5_6_Fezf2_Lrrk1_Sema3e
B05MGE171027P1,L5_6_Fezf2_Lrrk1_Pcp4
E09MGE171027P3,L5_6_Fezf2_Lrrk1_Pcp4
F11HB47NeoCP6BSA,L5_6_Fezf2_Lrrk1_Pcp4
D09MGE171027P3,L5_6_Fezf2_Lrrk1_Pcp4
H17HB47NeoCP7,L5_6_Fezf2_Lrrk1_Pcp4
D07170707P3,L5_6_Fezf2_Lrrk1_Pcp4
D11MGE171027P3,L5_6_Fezf2_Lrrk1_Pcp4
D10170918P2,L5_6_Fezf2_Lrrk1_Pcp4
B14HB47NeoCP9,L5_6_Fezf2_Lrrk1_Sema3e
G04170707P3,L5_6_Fezf2_Lrrk1_Pcp4
G02HB47NeoCP4,L5_6_Fezf2_Lrrk1_Sema3e
A11MGE171027P3,L5_6_Fezf2_Lrrk1_Pcp4
D08170707P3,L5_6_Fezf2_Lrrk1_Pcp4
A03HB47NeoCP4,L5_6_Fezf2_Lrrk1_Pcp4
G03170918P3,L5_6_Fezf2_Lrrk1_Pcp4
B05170918P3,L5_6_Fezf2_Lrrk1_Sema3e
C11HB47NeoCP6BSA,L5_6_Fezf2_Lrrk1_Sema3e
C05HB47NeoCP4,L5_6_Fezf2_Lrrk1_Pcp4
D02MGE171027P1,L5_6_Fezf2_Lrrk1_Pcp4
H04170707P3,L5_6_Fezf2_Lrrk1_Pcp4
F01HB47NeoCP8,L5_6_Fezf2_Lrrk1_Pcp4
H21HB47NeoCP10,L5_6_Fezf2_Lrrk1_Sema3e
B06170707P3,L5_6_Fezf2_Lrrk1_Pcp4
E02170707P3,L5_6_Fezf2_Lrrk1_Pcp4
F17HB47NeoCP7,L5_6_Fezf2_Lrrk1_Pcp4
F06170918P3,L5_6_Fezf2_Lrrk1_Sema3e
F10170707P1,L4_Rorb_Arhgap15
G06170707P3,L5_6_Fezf2_Lrrk1_Pcp4
C06170918P3,L5_6_Fezf2_Lrrk1_Pcp4
D08170918P3,L5_6_Fezf2_Lrrk1_Pcp4
E08HB47NeoCP8,L5_6_Fezf2_Lrrk1_Sema3e
G05170918P3,L5_6_Fezf2_Lrrk1_Pcp4
D14HB47NeoCP9,L5_6_Fezf2_Lrrk1_Pcp4
H05MGE171027P2,L5_6_Fezf2_Lrrk1_Pcp4
A15HB47NeoCP9,L5_6_Fezf2_Lrrk1_Sema3e
A03MGE171027P1,L5_6_Fezf2_Lrrk1_Pcp4
G24HB47NeoCP11,L5_6_Fezf2_Lrrk1_Pcp4
F02170707P3,L5_6_Fezf2_Lrrk1_Sema3e
E21HB47NeoCP10,L5_6_Fezf2_Lrrk1_Sema3e
C10170918P2,L5_6_Fezf2_Lrrk1_Pcp4
H15HB47NeoCP9,L5_6_Fezf2_Tle4_Abo
A08170707P3,L5_6_Fezf2_Tle4_Abo
H24HB47NeoCP11,L5_6_Fezf2_Tle4_Htr2c
G01170918P3,L5_6_Fezf2_Tle4_Abo
F23HB47NeoCP11,L5_6_Fezf2_Tle4_Htr2c
D06170918P3,L5_6_Fezf2_Tle4_Abo
G10170707P1,L3_Cux2_Prss12
G08CGE171115P1,L5_6_Fezf2_Tle4_Abo
A08HB47NeoCP8,L5_6_Fezf2_Tle4_Abo
H14HB47NeoCP9,L5_6_Fezf2_Tle4_Htr2c
F03170707P3,L3_Cux2_Prss12
D02170707P3,L3_Cux2_Prss12
C22HB47NeoCP10,L5_6_Fezf2_Tle4_Abo
D01170918P3,L5_6_Fezf2_Tle4_Abo
C10HB47NeoCP6BSA,L5_6_Fezf2_Tle4_Abo
A10MGE171027P3,L5_6_Themis_Sema3a
E24HB47NeoCP11,L5_6_Fezf2_Tle4_Abo
A23HB47NeoCP8Add,L5_6_Fezf2_Tle4_Htr2c
F09MGE171027P3,L5_6_Fezf2_Tle4_Abo
F09170918P2,L5_6_Fezf2_Tle4_Scube1
D08HB47NeoCP8,L5_6_Fezf2_Tle4_Htr2c
B02MGE171027P1,L5_6_Fezf2_Tle4_Abo
D10HB47NeoCP6BSA,L5_6_Fezf2_Tle4_Abo
C07HB47NeoCP8,L5_6_Fezf2_Tle4_Htr2c
B16HB47NeoCP9,L5_6_Fezf2_Tle4_Htr2c
C11HB47NeoCP8,L5_6_Fezf2_Tle4_Abo
F07NeuN171115P1,L5_6_Fezf2_Tle4_Abo
A03170707P3,L5_6_Fezf2_Tle4_Scube1
E09170707P2,L3_Cux2_Prss12
F20HB47NeoCP10,L5_6_Fezf2_Tle4_Htr2c
D03HB47NeoCP8,L5_6_Fezf2_Tle4_Htr2c
C08CGE171115P1,L5_6_Fezf2_Tle4_Htr2c
B07170918P3,L5_6_Fezf2_Tle4_Scube1
E20HB47NeoCP7,L5_6_Fezf2_Tle4_Htr2c
B04MGE171027P1,L5_6_Fezf2_Tle4_Abo
B03HB47NeoCP8,L5_6_Fezf2_Tle4_Abo
E06HB47NeoCP8,L5_6_Fezf2_Tle4_Htr2c
E10170918P2,L5_6_Themis_Ntng2
H11HB47NeoCP9,L5_6_Themis_Ntng2
E08170918P3,L5_6_Themis_Ntng2
A05MGE171027P1,L5_6_Themis_Ntng2
F03MGE171027P1,L5_6_Themis_Ntng2
B03170918P3,L5_6_Themis_Ntng2
B11HB47NeoCP6BSA,L5_6_Themis_Ntng2
E09170918P2,L5_6_Themis_Ntng2
D24HB47NeoCP11,L5_6_Themis_Ntng2
H06170707P3,L5_6_Themis_Sema3a
F15HB47NeoCP6BSA,L5_6_Themis_Sema3a
E07170707P3,L3_Cux2_Prss12
F02170918P3,L5_6_Themis_Sema3a
F09HB47NeoCP8,L5_6_Themis_Ntng2
H03170707P3,L2_3_Cux2_Frem3
B06170918P3,L3_Cux2_Prss12
B01170707P3,L2_3_Cux2_Frem3
H08170918P2,L3_Cux2_Prss12
A06170918P3,L3_Cux2_Prss12
H08170707P3,L3_Cux2_Prss12
D09170707P2,L3_Cux2_Prss12
D10MGE171027P3,L3_Cux2_Prss12
E03170918P3,L3_Cux2_Prss12
G10MGE171027P3,L3_Cux2_Prss12
F05170918P3,L3_Cux2_Prss12
F08170918P3,L3_Cux2_Prss12
G22HB47NeoCP7,L3_Cux2_Prss12
D04170918P3,L3_Cux2_Prss12
B11MGE171027P3,L3_Cux2_Prss12
E10170707P1,L3_Cux2_Prss12
H10170707P1,L3_Cux2_Prss12
C05170707P3,L3_Cux2_Prss12
E06170707P3,L3_Cux2_Prss12
C02170707P3,L3_Cux2_Prss12
C03170707P3,L3_Cux2_Prss12
B02170918P3,L3_Cux2_Prss12
F04170918P3,L3_Cux2_Prss12
D04170707P3,L3_Cux2_Prss12
H02HB47NeoCP4,L3_Cux2_Prss12
C05MGE171027P1,L3_Cux2_Prss12
C05HB47NeoCP8,L3_Cux2_Prss12
H09170707P2,L3_Cux2_Prss12
G04MGE171027P1,L2_3_Cux2_Frem3
D05MGE171027P1,L3_Cux2_Prss12
A04170707P3,L3_Cux2_Prss12
G09170918P2,L3_Cux2_Prss12
D01170707P3,L3_Cux2_Prss12
A02170707P3,L2_3_Cux2_Frem3
G08170707P3,L2_3_Cux2_Frem3
B05170707P3,L3_Cux2_Prss12
F10MGE171027P3,L3_Cux2_Prss12
G05170707P3,L3_Cux2_Prss12
F07170918P3,L3_Cux2_Prss12
A01170918P3,L3_Cux2_Prss12
E03170707P3,L3_Cux2_Prss12
C05170918P3,L3_Cux2_Prss12
G01170707P3,L3_Cux2_Prss12
B08170918P3,L3_Cux2_Prss12
A08NeuN171115P1,L3_Cux2_Prss12
C07170707P3,L3_Cux2_Prss12
A02170918P3,L3_Cux2_Prss12
F01170707P3,L2_3_Cux2_Frem3
C09170918P2,L3_Cux2_Prss12
D05170918P3,L3_Cux2_Prss12
D05170707P3,L3_Cux2_Prss12
H03170918P3,L3_Cux2_Prss12
G08170918P2,L2_3_Cux2_Frem3
G03170707P3,L3_Cux2_Prss12
A11170707P1,L2_3_Cux2_Frem3
B09HB47NeoCP8,L2_Cux2_Lamp5
C03170918P3,L2_3_Cux2_Frem3
G17HB47NeoCP10,L2_Cux2_Lamp5
H07HB47NeoCP4BSA,L2_Cux2_Lamp5
A04HB47NeoCP8,L2_Cux2_Lamp5
E08170707P3,L2_3_Cux2_Frem3
B18HB47NeoCP7Add,L2_Cux2_Lamp5
G21HB47NeoCP10,L2_Cux2_Lamp5
E02MGE171027P1,L2_Cux2_Lamp5
A04HB47NeoCP4,L2_Cux2_Lamp5
H07NeuN171115P1,L2_Cux2_Lamp5
F02HB47NeoCP4,L2_Cux2_Lamp5
A05170707P3,L2_Cux2_Lamp5
G07170707P3,L2_3_Cux2_Frem3
E12HB47NeoCP9,L2_Cux2_Lamp5
E07170918P3,L2_3_Cux2_Frem3
A03170918P3,L2_Cux2_Lamp5
D02170918P3,L2_3_Cux2_Frem3
A06HB47NeoCP4,L2_Cux2_Lamp5
E06170918P3,L2_3_Cux2_Frem3
G02170707P3,L2_3_Cux2_Frem3
F09HB47NeoCP6BSA,L2_Cux2_Lamp5
A07170707P3,L2_3_Cux2_Frem3
E10HB47NeoCP8,Vip_Tyr
B07170707P3,L2_3_Cux2_Frem3
G04170918P3,L2_3_Cux2_Frem3
E03HB47NeoCP4,L2_Cux2_Lamp5
A01HB47NeoCP1,L2_Cux2_Lamp5
G21HB47NeoCP7,L2_Cux2_Lamp5
C01170918P3,L2_Cux2_Lamp5
E04MGE171027P1,L2_Cux2_Lamp5
A04170918P3,L2_3_Cux2_Frem3
A14HB47NeoCP6BSA,L2_Cux2_Lamp5
E05170918P3,L3_Cux2_Prss12
A13HB47NeoCP9,L2_Cux2_Lamp5
A07170918P3,L2_3_Cux2_Frem3
B01170918P3,L2_3_Cux2_Frem3
F01MGE171027P1,L2_Cux2_Lamp5
H05170918P3,L2_Cux2_Lamp5
H04HB47NeoCP8,L2_Cux2_Lamp5
H07170707P3,L2_Cux2_Lamp5
C15HB47NeoCP6BSA,L2_Cux2_Lamp5
A10170707P1,L2_3_Cux2_Frem3
G09170707P2,L2_Cux2_Lamp5
B08170707P3,L2_3_Cux2_Frem3
E15HB47NeoCP9,L2_Cux2_Lamp5
F10HB47NeoCP8,L2_Cux2_Lamp5
F04170707P3,L2_3_Cux2_Frem3
E04170707P3,L2_3_Cux2_Frem3
C01170707P3,L2_Cux2_Lamp5
F07170707P3,L2_Cux2_Lamp5
C08HB47NeoCP8,L2_Cux2_Lamp5
H12HB47NeoCP9,L2_Cux2_Lamp5
H04170918P3,L2_Cux2_Lamp5
B23HB47NeoCP7,L2_Cux2_Lamp5
H18HB47NeoCP10,L5_6_Themis_Sema3a
D20HB47NeoCP7,L2_Cux2_Lamp5
B09170707P2,L2_3_Cux2_Frem3
E10MGE171027P3,L2_3_Cux2_Frem3
F08170707P3,L2_3_Cux2_Frem3
D09170918P2,L2_Cux2_Lamp5
D06170707P3,L2_3_Cux2_Frem3
H01170918P3,L2_3_Cux2_Frem3
G03HB47NeoCP4,L2_Cux2_Lamp5
D03170707P3,L2_3_Cux2_Frem3
E23HB47NeoCP7,L2_Cux2_Lamp5
H03HB47NeoCP8,L2_Cux2_Lamp5
D04HB47NeoCP8,L2_Cux2_Lamp5
C12HB47NeoCP6BSA,L2_Cux2_Lamp5
C13HB47NeoCP9,L2_Cux2_Lamp5
G06HB47NeoCP1,L2_Cux2_Lamp5
E05HB47NeoCP4,L2_Cux2_Lamp5
C23HB47NeoCP11,L2_Cux2_Lamp5
D22HB47NeoCP7,L4_Rorb_Met
H16HB47NeoCP10,L4_Rorb_Met
H15HB47NeoCP6BSA,L4_Rorb_Arhgap15
F18HB47NeoCP10,L4_Rorb_Met
G11HB47NeoCP6BSA,L4_Rorb_Mme
H01HB47NeoCP1,L4_Rorb_Met
G16HB47NeoCP10,L4_Rorb_Arhgap15
C23HB47NeoCP7,L4_Rorb_Arhgap15
C04MGE171027P1,L4_Rorb_Met
C06HB47NeoCP1,L4_Rorb_Met
A10HB47NeoCP6BSA,L4_Rorb_Met
F01170918P3,L3_Cux2_Prss12
H13HB47NeoCP9,L4_Rorb_Met
G16HB47NeoCP7Add,L4_Rorb_Met
H17HB47NeoCP10,L4_Rorb_Met
F21HB47NeoCP10,L4_Rorb_Met
H19HB47NeoCP10,L4_Rorb_Met
G11HB47NeoCP9,L4_Rorb_Arhgap15
C09HB47NeoCP6BSA,L4_Rorb_Met
F08HB47NeoCP6BSA,L4_Rorb_Met
B01HB47NeoCP1,L4_Rorb_Arhgap15
H14HB47NeoCP6BSA,L4_Rorb_Met
B15HB47NeoCP6BSA,L4_Rorb_Met
C07170918P3,L3_Cux2_Prss12
E19HB47NeoCP7,L4_Rorb_Mme
B20HB47NeoCP7,L4_Rorb_Met
C24HB47NeoCP11,L4_Rorb_Mme
C04HB47NeoCP8,L4_Rorb_Met
D22HB47NeoCP10,L4_Rorb_Mme
G10HB47NeoCP6BSA,L4_Rorb_Met
C04HB47NeoCP4,L4_Rorb_Met
D07HB47NeoCP8,L4_Rorb_Met
A12HB47NeoCP9,L4_Rorb_Met
A21HB47NeoCP10,L4_Rorb_Met
B13HB47NeoCP9,L4_Rorb_Met
B14HB47NeoCP7Add,L4_Rorb_Met
F06HB47NeoCP8,L4_Rorb_Mme
A06170707P3,L3_Cux2_Prss12
G06HB47NeoCP8,L4_Rorb_Arhgap15
B17HB47NeoCP7Add,L4_Rorb_Met
C08HB47NeoCP6BSA,L4_Rorb_Met
A16HB47NeoCP9,L4_Rorb_Mme
C14HB47NeoCP6BSA,L4_Rorb_Arhgap15
F15HB47NeoCP9,L4_Rorb_Mme
G07NeuN171115P1,L4_Rorb_Arhgap15
F05HB47NeoCP4,L4_Rorb_Mme
D21HB47NeoCP7,L4_Rorb_Mme
D14HB47NeoCP6BSA,L4_Rorb_Mme
E14HB47NeoCP6BSA,L4_Rorb_Mme
G15HB47NeoCP6BSA,L4_Rorb_Met
B21HB47NeoCP10,L4_Rorb_Met
F04HB47NeoCP4,L4_Rorb_Met
C07HB47NeoCP4BSA,L4_Rorb_Met
G03HB47NeoCP8,L4_Rorb_Met
D12HB47NeoCP6BSA,L4_Rorb_Met
C16HB47NeoCP9,L4_Rorb_Met
G04HB47NeoCP8,L4_Rorb_Mme
F11HB47NeoCP8,L4_Rorb_Mme
G23HB47NeoCP7,L4_Rorb_Met
A21HB47NeoCP7,L4_Rorb_Mme
F08HB47NeoCP8,L4_Rorb_Mme
C19HB47NeoCP10,L4_Rorb_Mme
H08HB47NeoCP8,L4_Rorb_Met
D18HB47NeoCP7Add,L4_Rorb_Met
E01HB47NeoCP8,L4_Rorb_Met
F24HB47NeoCP11,L4_Rorb_Met
F02HB47NeoCP8,L4_Rorb_Met
G18HB47NeoCP7,L4_Rorb_Met
B03170707P3,L2_3_Cux2_Frem3
H01170707P3,L2_3_Cux2_Frem3
B10170707P1,L2_3_Cux2_Frem3
H09MGE171027P3,L2_3_Cux2_Frem3
H05170707P3,L2_3_Cux2_Frem3
B04170918P3,L2_3_Cux2_Frem3
E05170707P3,L2_3_Cux2_Frem3
C21HB47NeoCP7,L3_Cux2_Prss12
F10170918P2,L2_3_Cux2_Frem3
D01HB47NeoCP1,L5_6_Themis_Sema3a
H02MGE171027P1,L2_3_Cux2_Frem3
D10170707P1,L2_3_Cux2_Frem3
G23HB47NeoCP11,L3_Cux2_Prss12
G05MGE171027P2,L2_3_Cux2_Frem3
A10170918P2,L2_3_Cux2_Frem3
H02170707P3,L2_3_Cux2_Frem3
G02MGE171027P1,L2_3_Cux2_Frem3
C01HB47NeoCP1,L5_6_Themis_Sema3a
C10MGE171027P3,L5_6_Themis_Sema3a
H06170918P3,L2_3_Cux2_Frem3
F05MGE171027P2,L2_3_Cux2_Frem3
C02170918P3,L4_Rorb_Mme
D07170918P3,L2_3_Cux2_Frem3
H20huNucEpPt19NCLTSOP6BIO,L3_Cux2_Prss12
A21huNucEpPt19NCNeuNLTSOP3,L5_6_Fezf2_Tle4_Abo
G01huNucEpPt19NCNeuNLTSOP3,L3_Cux2_Prss12
D07huNucEpPt19NCNeuNLTSOP1,L5_6_Themis_Sema3a
G02huNucEpPt19NCNeuNLTSOP3,L2_Cux2_Lamp5
E04huNucEpPt19NCNeuNLTSOP4,L5_6_Fezf2_Lrrk1_Pcp4
G17huNucEpPt19NCLTSOP1BIO,L2_3_Cux2_Frem3
E14huNucEpPt19NCLTSOP1BIO,L5_6_Fezf2_Tle4_Abo
A16huNucEpPt19NCLTSOP1BIO,L3_Cux2_Prss12
A14huNucEpPt19NCLTSOP1BIO,L3_Cux2_Prss12
H23huNucEpPt19NCLTSOP5BIO,L2_3_Cux2_Frem3
D04huNucEpPt19NCNeuNLTSOP4,L5_6_Themis_Sema3a
E01huNucEpPt19NCLTSOP5BIO,L5_6_Fezf2_Lrrk1_Pcp4
E10huNucEpPt19NCLTSOP3BIO,L5_6_Fezf2_Lrrk1_Pcp4
H13huNucEpPt19NCLTSOP1BIO,L2_Cux2_Lamp5
B09huNucEpPt19NCNeuNLTSOP1,L5_6_Fezf2_Tle4_Scube1
E07huNucEpPt19NCNeuNLTSOP4,L2_Cux2_Lamp5
C24huNucEpPt19NCLTSOP5BIO,L2_Cux2_Lamp5
A05huNucEpPt19NCLTSOP3BIO,L3_Cux2_Prss12
D08huNucEpPt19NCNeuNLTSOP4,L5_6_Fezf2_Lrrk1_Pcp4
E24huNucEpPt19NCLTSOP5BIO,L5_6_Themis_Sema3a
B21huNucEpPt19NCLTSOP6BIO,L3_Cux2_Prss12
A12huNucEpPt19NCLTSOP1BIO,L3_Cux2_Prss12
D07huNucEpPt19NCLTSOP3BIO,L2_3_Cux2_Frem3
G19huNucEpPt19NCLTSOP1BIO,L5_6_Themis_Sema3a
E11huNucEpPt19NCMGELTSOPX,L5_6_Themis_Sema3a
A09huNucEpPt19NCLTSOP3BIO,L2_Cux2_Lamp5
E12huNucEpPt19NCMGELTSOPX,L3_Cux2_Prss12
H03huNucEpPt19NCNeuNLTSOP4,L5_6_Fezf2_Tle4_Htr2c
A10huNucEpPt19NCNeuNLTSOP1,L5_6_Themis_Sema3a
G01huNucEpPt19NCLTSOP5BIO,L2_3_Cux2_Frem3
E05huNucEpPt19NCLTSOP3BIO,L2_3_Cux2_Frem3
B07huNucEpPt19NCNeuNLTSOP4,L2_Cux2_Lamp5
H15huNucEpPt19NCNeuNLTSOP2,L5_6_Themis_Ntng2
F20huNucEpPt19NCNeuNLTSOP3,L4_Rorb_Met
H05huNucEpPt19NCLTSOP3BIO,L3_Cux2_Prss12
H16huNucEpPt19NCLTSOP1BIO,L5_6_Fezf2_Lrrk1_Pcp4
C09huNucEpPt19NCNeuNLTSOP4,L5_6_Fezf2_Tle4_Htr2c
B15huNucEpPt19NCLTSOP1BIO,L5_6_Themis_Sema3a
C05huNucEpPt19NCLTSOP3BIO,L5_6_Fezf2_Lrrk1_Pcp4
B12huNucEpPt19NCMGELTSOPX,L5_6_Fezf2_Lrrk1_Pcp4
C06huNucEpPt19NCNeuNLTSOP4,L5_6_Fezf2_Lrrk1_Pcp4
C12huNucEpPt19NCNeuNLTSOP2,L5_6_Fezf2_Lrrk1_Pcp4
A03huNucEpPt19NCNeuNLTSOP1,L2_Cux2_Lamp5
F16huNucEpPt19NCLTSOP1BIO,L5_6_Fezf2_Tle4_Abo
B10huNucEpPt19NCLTSOP3BIO,L5_6_Fezf2_Lrrk1_Pcp4
F23huNucEpPt19NCNeuNLTSOP3,L3_Cux2_Prss12
F10huNucEpPt19NCNeuNLTSOP1,L2_Cux2_Lamp5
G24huNucEpPt19NCLTSOP5BIO,L5_6_Fezf2_Lrrk1_Pcp4
A10huNucEpPt19NCLTSOP3BIO,L3_Cux2_Prss12
E01huNucEpPt19NCNeuNLTSOP3,L5_6_Fezf2_Lrrk1_Pcp4
H05huNucEpPt19NCNeuNLTSOP4,L2_Cux2_Lamp5
G20huNucEpPt19NCLTSOP6BIO,L5_6_Fezf2_Lrrk1_Pcp4
H17huNucEpPt19NCNeuNLTSOP2,L2_Cux2_Lamp5
A11huNucEpPt19NCLTSOP3BIO,L2_3_Cux2_Frem3
E23huNucEpPt19NCNeuNLTSOP3,L2_Cux2_Lamp5
H14huNucEpPt19NCLTSOP1BIO,L3_Cux2_Prss12
D14huNucEpPt19NCLTSOP1BIO,L5_6_Fezf2_Lrrk1_Pcp4
C22huNucEpPt19NCLTSOP6BIO,L5_6_Themis_Sema3a
E21huNucEpPt19NCNeuNLTSOP3,L5_6_Fezf2_Tle4_Htr2c
F10huNucEpPt19NCMGELTSOPX,L3_Cux2_Prss12
F03huNucEpPt19NCNeuNLTSOP4,L5_6_Themis_Ntng2
F05huNucEpPt19NCNeuNLTSOP1,L5_6_Fezf2_Lrrk1_Pcp4
H12huNucEpPt19NCNeuNLTSOP2,L5_6_Themis_Ntng2
H04huNucEpPt19NCLTSOP3BIO,L3_Cux2_Prss12
C21huNucEpPt19NCLTSOP6BIO,L3_Cux2_Prss12
D01huNucEpPt19NCLTSOP5BIO,L3_Cux2_Prss12
B09huNucEpPt19NCNeuNLTSOP4,L2_Cux2_Lamp5
B19huNucEpPt19NCNeuNLTSOP2,L5_6_Fezf2_Tle4_Abo
D10huNucEpPt19NCLTSOP3BIO,L2_Cux2_Lamp5
E02huNucEpPt19NCNeuNLTSOP1,L4_Rorb_Arhgap15
G24huNucEpPt19NCNeuNLTSOP3,L2_Cux2_Lamp5
F03huNucEpPt19NCNeuNLTSOP1,L5_6_Fezf2_Lrrk1_Pcp4
H10huNucEpPt19NCMGELTSOPX,L2_3_Cux2_Frem3
H09huNucEpPt19NCNeuNLTSOP1,L5_6_Themis_Sema3a
D11huNucEpPt19NCLTSOP1BIO,L5_6_Fezf2_Lrrk1_Pcp4
A02huNucEpPt19NCNeuNLTSOP3,L5_6_Fezf2_Lrrk1_Pcp4
B02huNucEpPt19NCNeuNLTSOP3,L5_6_Fezf2_Lrrk1_Sema3e
G10huNucEpPt19NCLTSOP3BIO,L2_3_Cux2_Frem3
G15huNucEpPt19NCNeuNLTSOP2,L2_Cux2_Lamp5
G04huNucEpPt19NCNeuNLTSOP4,L3_Cux2_Prss12
E15huNucEpPt19NCNeuNLTSOP2,L5_6_Fezf2_Lrrk1_Pcp4
D23huNucEpPt19NCNeuNLTSOP3,L5_6_Themis_Ntng2
D07huNucEpPt19NCNeuNLTSOP4,L2_Cux2_Lamp5
E11huNucEpPt19NCLTSOP1BIO,L2_3_Cux2_Frem3
F07huNucEpPt19NCLTSOP3BIO,L3_Cux2_Prss12
A01huNucEpPt19NCNeuNLTSOP3,L2_Cux2_Lamp5
C07huNucEpPt19NCNeuNLTSOP1,L5_6_Themis_Ntng2
A14huNucEpPt19NCNeuNLTSOP2,L3_Cux2_Prss12
A10huNucEpPt19NCNeuNLTSOP4,L2_Cux2_Lamp5
F14huNucEpPt19NCNeuNLTSOP2,L5_6_Fezf2_Lrrk1_Sema3e
H10huNucEpPt19NCLTSOP3BIO,L2_3_Cux2_Frem3
A05huNucEpPt19NCNeuNLTSOP4,L5_6_Fezf2_Lrrk1_Pcp4
A07huNucEpPt19NCLTSOP3BIO,L3_Cux2_Prss12
B24huNucEpPt19NCNeuNLTSOP3,L4_Rorb_Met
B05huNucEpPt19NCNeuNLTSOP4,L3_Cux2_Prss12
F13huNucEpPt19NCLTSOP1BIO,L5_6_Themis_Sema3a
H08huNucEpPt19NCLTSOP3BIO,L5_6_Fezf2_Lrrk1_Pcp4
A09huNucEpPt19NCNeuNLTSOP4,L5_6_Themis_Ntng2
D04huNucEpPt19NCLTSOP3BIO,L3_Cux2_Prss12
H02huNucEpPt19NCNeuNLTSOP3,L5_6_Themis_Ntng2
F23huNucEpPt19NCLTSOP5BIO,L3_Cux2_Prss12
B11huNucEpPt19NCLTSOP1BIO,L5_6_Themis_Sema3a
F11huNucEpPt19NCNeuNLTSOP1,L2_Cux2_Lamp5
H12huNucEpPt19NCLTSOP1BIO,L3_Cux2_Prss12
E16huNucEpPt19NCNeuNLTSOP2,L2_Cux2_Lamp5
A18huNucEpPt19NCNeuNLTSOP2,L5_6_Fezf2_Lrrk1_Pcp4
F02huNucEpPt19NCNeuNLTSOP3,L5_6_Fezf2_Tle4_Htr2c
D14huNucEpPt19NCNeuNLTSOP2,L5_6_Themis_Sema3a
E03huNucEpPt19NCNeuNLTSOP3,L5_6_Fezf2_Lrrk1_Pcp4
F18huNucEpPt19NCNeuNLTSOP2,L4_Rorb_Arhgap15
G17huNucEpPt19NCNeuNLTSOP2,L2_3_Cux2_Frem3
G09huNucEpPt19NCNeuNLTSOP1,L5_6_Fezf2_Lrrk1_Pcp4
B15huNucEpPt19NCNeuNLTSOP2,L2_Cux2_Lamp5
C13huNucEpPt19NCNeuNLTSOP2,L3_Cux2_Prss12
C01huNucEpPt19NCNeuNLTSOP3,L4_Rorb_Met
C11huNucEpPt19NCNeuNLTSOP1,L5_6_Fezf2_Lrrk1_Pcp4
A23huNucEpPt19NCNeuNLTSOP3,L5_6_Themis_Ntng2
G07huNucEpPt19NCLTSOP3BIO,L5_6_Fezf2_Lrrk1_Pcp4
C07huNucEpPt19NCLTSOP3BIO,L5_6_Themis_Sema3a
C08huNucEpPt19NCNeuNLTSOP4,L5_6_Themis_Sema3a
F09huNucEpPt19NCNeuNLTSOP1,L5_6_Fezf2_Lrrk1_Sema3e
G06huNucEpPt19NCNeuNLTSOP1,L2_Cux2_Lamp5
H04huNucEpPt19NCNeuNLTSOP1,L2_Cux2_Lamp5
E24huNucEpPt19NCNeuNLTSOP3,L5_6_Fezf2_Lrrk1_Sema3e
B06huNucEpPt19NCNeuNLTSOP4,L5_6_Fezf2_Lrrk1_Sema3e
C14huNucEpPt19NCNeuNLTSOP2,L2_3_Cux2_Frem3
C17huNucEpPt19NCLTSOP1BIO,L3_Cux2_Prss12
C09huNucEpPt19NCNeuNLTSOP1,L4_Rorb_Met
B04huNucEpPt19NCNeuNLTSOP4,L5_6_Fezf2_Lrrk1_Pcp4
E18huNucEpPt19NCNeuNLTSOP2,L5_6_Fezf2_Lrrk1_Sema3e
H19huNucEpPt19NCLTSOP1BIO,L5_6_Fezf2_Lrrk1_Pcp4
D11huNucEpPt19NCMGELTSOPX,L3_Cux2_Prss12
F20huNucEpPt19NCLTSOP1BIO,L5_6_Themis_Sema3a
F11huNucEpPt19NCLTSOP1BIO,L5_6_Fezf2_Lrrk1_Pcp4
E14huNucEpPt19NCNeuNLTSOP2,L5_6_Fezf2_Tle4_Abo
F13huNucEpPt19NCNeuNLTSOP2,L4_Rorb_Mme
B10huNucEpPt19NCMGELTSOPX,L5_6_Themis_Sema3a
G12huNucEpPt19NCNeuNLTSOP2,L5_6_Themis_Ntng2
C03huNucEpPt19NCNeuNLTSOP3,L5_6_Fezf2_Lrrk1_Sema3e
D15huNucEpPt19NCLTSOP1BIO,L5_6_Themis_Sema3a
C08huNucEpPt19NCNeuNLTSOP1,L4_Rorb_Met
A06huNucEpPt19NCNeuNLTSOP1,L5_6_Themis_Ntng2
E09huNucEpPt19NCNeuNLTSOP1,L2_3_Cux2_Frem3
D17huNucEpPt19NCNeuNLTSOP2,L4_Rorb_Met
E10huNucEpPt19NCNeuNLTSOP1,L5_6_Fezf2_Lrrk1_Pcp4
A08huNucEpPt19NCNeuNLTSOP1,L5_6_Fezf2_Lrrk1_Pcp4
F07huNucEpPt19NCNeuNLTSOP4,L5_6_Themis_Sema3a
D17huNucEpPt19NCLTSOP1BIO,L5_6_Fezf2_Lrrk1_Pcp4
D03huNucEpPt19NCNeuNLTSOP3,L5_6_Themis_Sema3a
B14huNucEpPt19NCLTSOP1BIO,L2_3_Cux2_Frem3
B05huNucEpPt19NCNeuNLTSOP1,L5_6_Themis_Sema3a
H02huNucEpPt19NCNeuNLTSOP1,L5_6_Fezf2_Lrrk1_Pcp4
D24huNucEpPt19NCLTSOP5BIO,L2_Cux2_Lamp5
F09huNucEpPt19NCNeuNLTSOP4,L3_Cux2_Prss12
H01huNucEpPt19NCLTSOP5BIO,L3_Cux2_Prss12
B06huNucEpPt19NCNeuNLTSOP1,L2_Cux2_Lamp5
B04huNucEpPt19NCNeuNLTSOP1,L5_6_Fezf2_Lrrk1_Pcp4
A22huNucEpPt19NCLTSOP6BIO,L3_Cux2_Prss12
B10huNucEpPt19NCNeuNLTSOP1,L2_Cux2_Lamp5
F04huNucEpPt19NCNeuNLTSOP4,L5_6_Fezf2_Tle4_Abo
C23huNucEpPt19NCNeuNLTSOP3,L5_6_Fezf2_Tle4_Htr2c
G07huNucEpPt19NCNeuNLTSOP4,L5_6_Fezf2_Tle4_Scube1
B08huNucEpPt19NCNeuNLTSOP1,L2_Cux2_Lamp5
C06huNucEpPt19NCNeuNLTSOP1,L5_6_Fezf2_Tle4_Abo
H07huNucEpPt19NCNeuNLTSOP4,L4_Rorb_Mme
G18huNucEpPt19NCLTSOP1BIO,L2_Cux2_Lamp5
G08huNucEpPt19NCNeuNLTSOP1,L5_6_Fezf2_Lrrk1_Pcp4
C14huNucEpPt19NCLTSOP1BIO,L3_Cux2_Prss12
B11huNucEpPt19NCMGELTSOPX,L2_3_Cux2_Frem3
G21huNucEpPt19NCNeuNLTSOP3,L4_Rorb_Arhgap15
G04huNucEpPt19NCNeuNLTSOP1,L5_6_Fezf2_Tle4_Abo
G22huNucEpPt19NCNeuNLTSOP3,L5_6_Fezf2_Lrrk1_Pcp4
E08huNucEpPt19NCLTSOP3BIO,L2_3_Cux2_Frem3
H23huNucEpPt19NCNeuNLTSOP3,L5_6_Themis_Ntng2
C11huNucEpPt19NCMGELTSOPX,L5_6_Fezf2_Lrrk1_Pcp4
A11huNucEpPt19NCNeuNLTSOP1,L2_Cux2_Lamp5
C21huNucEpPt19NCNeuNLTSOP3,L5_6_Fezf2_Tle4_Htr2c
E17huNucEpPt19NCNeuNLTSOP2,L5_6_Fezf2_Tle4_Htr2c
F22huNucEpPt19NCNeuNLTSOP3,L3_Cux2_Prss12
A01huNucEpPt19NCLTSOP5BIO,L5_6_Fezf2_Tle4_Abo
H07huNucEpPt19NCLTSOP3BIO,L2_Cux2_Lamp5
A09huNucEpPt19NCNeuNLTSOP1,L5_6_Fezf2_Lrrk1_Sema3e
C11huNucEpPt19NCLTSOP1BIO,L5_6_Themis_Sema3a
C10huNucEpPt19NCMGELTSOPX,L5_6_Fezf2_Lrrk1_Pcp4
B18huNucEpPt19NCNeuNLTSOP2,L5_6_Fezf2_Lrrk1_Pcp4
E12huNucEpPt19NCNeuNLTSOP2,L5_6_Themis_Ntng2
F02huNucEpPt19NCNeuNLTSOP1,L5_6_Fezf2_Tle4_Abo
H18huNucEpPt19NCLTSOP1BIO,L2_3_Cux2_Frem3
G16huNucEpPt19NCLTSOP1BIO,L3_Cux2_Prss12
G08huNucEpPt19NCLTSOP3BIO,L3_Cux2_Prss12
C16huNucEpPt19NCLTSOP1BIO,L5_6_Themis_Ntng2
D04huNucEpPt19NCNeuNLTSOP1,L5_6_Themis_Ntng2
E07huNucEpPt19NCLTSOP3BIO,L3_Cux2_Prss12
B17huNucEpPt19NCNeuNLTSOP2,L5_6_Fezf2_Lrrk1_Pcp4
H24huNucEpPt19NCNeuNLTSOP3,L5_6_Themis_Ntng2
A08huNucEpPt19NCLTSOP3BIO,L5_6_Fezf2_Lrrk1_Pcp4
C19huNucEpPt19NCLTSOP1BIO,L5_6_Fezf2_Lrrk1_Pcp4
H11huNucEpPt19NCNeuNLTSOP1,L5_6_Themis_Ntng2
B18huNucEpPt19NCLTSOP1BIO,L5_6_Themis_Sema3a
F12huNucEpPt19NCMGELTSOPX,L5_6_Fezf2_Lrrk1_Pcp4
A17huNucEpPt19NCNeuNLTSOP2,L2_3_Cux2_Frem3
B01huNucEpPt19NCNeuNLTSOP3,L2_Cux2_Lamp5
E16huNucEpPt19NCLTSOP1BIO,L4_Rorb_Arhgap15
E17huNucEpPt19NCLTSOP1BIO,L5_6_Themis_Sema3a
B09huNucEpPt19NCLTSOP3BIO,L2_3_Cux2_Frem3
E05huNucEpPt19NCNeuNLTSOP4,L2_Cux2_Lamp5
A19huNucEpPt19NCNeuNLTSOP2,L5_6_Themis_Ntng2
C04huNucEpPt19NCLTSOP3BIO,L5_6_Fezf2_Lrrk1_Pcp4
G11huNucEpPt19NCLTSOP1BIO,L3_Cux2_Prss12
F16huNucEpPt19NCNeuNLTSOP2,L5_6_Themis_Sema3a
H05huNucEpPt19NCNeuNLTSOP1,L5_6_Fezf2_Tle4_Abo
D22huNucEpPt19NCLTSOP6BIO,L2_Cux2_Lamp5
G15huNucEpPt19NCLTSOP1BIO,L3_Cux2_Prss12
H09huNucEpPt19NCLTSOP3BIO,L3_Cux2_Prss12
D05huNucEpPt19NCNeuNLTSOP1,L5_6_Themis_Ntng2
F08huNucEpPt19NCLTSOP3BIO,L3_Cux2_Prss12
C08huNucEpPt19NCLTSOP3BIO,L3_Cux2_Prss12
A24huNucEpPt19NCLTSOP5BIO,L5_6_Fezf2_Lrrk1_Pcp4
H01huNucEpPt19NCNeuNLTSOP3,L5_6_Themis_Ntng2
C07huNucEpPt19NCNeuNLTSOP4,L2_Cux2_Lamp5
G16huNucEpPt19NCNeuNLTSOP2,Vip_Sstr1
H21huNucEpPt19NCLTSOP6BIO,L5_6_Themis_Sema3a
F04huNucEpPt19NCLTSOP3BIO,L3_Cux2_Prss12
H17huNucEpPt19NCLTSOP1BIO,L3_Cux2_Prss12
F05huNucEpPt19NCNeuNLTSOP4,L2_Cux2_Lamp5
B04huNucEpPt19NCLTSOP3BIO,L2_3_Cux2_Frem3
F14huNucEpPt19NCLTSOP1BIO,L3_Cux2_Prss12
F21huNucEpPt19NCLTSOP6BIO,L3_Cux2_Prss12
G21huNucEpPt19NCLTSOP6BIO,L5_6_Themis_Sema3a
C13huNucEpPt19NCLTSOP1BIO,L3_Cux2_Prss12
A23huNucEpPt19NCLTSOP6BIO,L2_Cux2_Lamp5
H11huNucEpPt19NCMGELTSOPX,L3_Cux2_Prss12
F05huNucEpPt19NCLTSOP3BIO,L2_3_Cux2_Frem3
G14huNucEpPt19NCLTSOP1BIO,L5_6_Fezf2_Lrrk1_Pcp4
B17huNucEpPt19NCLTSOP1BIO,L2_3_Cux2_Frem3
D16huNucEpPt19NCLTSOP1BIO,L5_6_Fezf2_Lrrk1_Pcp4
D06huNucEpPt19NCLTSOP3BIO,L5_6_Fezf2_Lrrk1_Pcp4
B08huNucEpPt19NCLTSOP3BIO,L2_3_Cux2_Frem3
G08huNucEpPt19NCNeuNLTSOP4,L5_6_Themis_Ntng2
C02huNucEpPt19NCNeuNLTSOP3,L2_Cux2_Lamp5
A19huNucEpPt19NCLTSOP1BIO,L5_6_Themis_Sema3a
G10huNucEpPt19NCMGELTSOPX,L3_Cux2_Prss12
B20huNucEpPt19NCLTSOP1BIO,L2_3_Cux2_Frem3
B16huNucEpPt19NCLTSOP1BIO,L3_Cux2_Prss12
A18huNucEpPt19NCLTSOP1BIO,L5_6_Fezf2_Lrrk1_Pcp4
E08huNucEpPt19NCNeuNLTSOP1,L4_Rorb_Met
G23huNucEpPt19NCLTSOP5BIO,L5_6_Themis_Sema3a
F19huNucEpPt19NCLTSOP1BIO,L2_3_Cux2_Frem3
A20huNucEpPt19NCNeuNLTSOP2,L2_Cux2_Lamp5
C06huNucEpPt19NCLTSOP3BIO,L5_6_Fezf2_Lrrk1_Pcp4
D09huNucEpPt19NCNeuNLTSOP1,L2_3_Cux2_Frem3
F04huNucEpPt19NCNeuNLTSOP1,L5_6_Fezf2_Tle4_Abo
H22huNucEpPt19NCLTSOP6BIO,L3_Cux2_Prss12
E10huNucEpPt19NCMGELTSOPX,L3_Cux2_Prss12
D13huNucEpPt19NCNeuNLTSOP2,L5_6_Fezf2_Lrrk1_Pcp4
F24huNucEpPt19NCNeuNLTSOP3,L4_Rorb_Arhgap15
D05huNucEpPt19NCLTSOP3BIO,L5_6_Fezf2_Lrrk1_Sema3e
F11huNucEpPt19NCMGELTSOPX,L2_Cux2_Lamp5
A22huNucEpPt19NCNeuNLTSOP3,L5_6_Fezf2_Lrrk1_Sema3e
E06huNucEpPt19NCNeuNLTSOP4,L2_Cux2_Lamp5
B21huNucEpPt19NCNeuNLTSOP3,L2_3_Cux2_Frem3
F01huNucEpPt19NCNeuNLTSOP3,L5_6_Fezf2_Tle4_Abo
H10huNucEpPt19NCNeuNLTSOP1,L2_Cux2_Lamp5
D20huNucEpPt19NCNeuNLTSOP2,L5_6_Fezf2_Lrrk1_Sema3e
A13huNucEpPt19NCLTSOP1BIO,L5_6_Themis_Sema3a
E19huNucEpPt19NCLTSOP1BIO,L3_Cux2_Prss12
H04huNucEpPt19NCNeuNLTSOP4,L5_6_Themis_Sema3a
D02huNucEpPt19NCNeuNLTSOP1,L4_Rorb_Met
H03huNucEpPt19NCNeuNLTSOP1,L4_Rorb_Met
A24huNucEpPt19NCNeuNLTSOP3,L3_Cux2_Prss12
D19huNucEpPt19NCNeuNLTSOP2,L5_6_Fezf2_Tle4_Abo
E05huNucEpPt19NCNeuNLTSOP1,L5_6_Fezf2_Lrrk1_Pcp4
B22huNucEpPt19NCLTSOP6BIO,L3_Cux2_Prss12
E13huNucEpPt19NCLTSOP1BIO,L5_6_Themis_Sema3a
C04huNucEpPt19NCNeuNLTSOP4,L5_6_Themis_Sema3a
H11huNucEpPt19NCLTSOP1BIO,L3_Cux2_Prss12
D13huNucEpPt19NCLTSOP1BIO,L5_6_Fezf2_Lrrk1_Pcp4
F10huNucEpPt19NCLTSOP3BIO,L3_Cux2_Prss12
H19huNucEpPt19NCNeuNLTSOP2,L2_Cux2_Lamp5
C18huNucEpPt19NCLTSOP1BIO,L5_6_Themis_Sema3a
G03huNucEpPt19NCNeuNLTSOP4,L5_6_Fezf2_Tle4_Scube1
D01huNucEpPt19NCNeuNLTSOP3,L5_6_Fezf2_Tle4_Htr2c
G02huNucEpPt19NCNeuNLTSOP1,L3_Cux2_Prss12
F01huNucEpPt19NCLTSOP5BIO,L2_Cux2_Lamp5
D09huNucEpPt19NCLTSOP3BIO,L5_6_Themis_Sema3a
A13huNucEpPt19NCNeuNLTSOP2,L5_6_Fezf2_Tle4_Htr2c
C15huNucEpPt19NCNeuNLTSOP2,L5_6_Fezf2_Lrrk1_Pcp4
E09huNucEpPt19NCNeuNLTSOP4,L5_6_Themis_Sema3a
B05huNucEpPt19NCLTSOP3BIO,L3_Cux2_Prss12
H13huNucEpPt19NCNeuNLTSOP2,L5_6_Fezf2_Lrrk1_Sema3e
F17huNucEpPt19NCLTSOP1BIO,L5_6_Fezf2_Tle4_Abo
G07huNucEpPt19NCNeuNLTSOP1,L5_6_Fezf2_Lrrk1_Pcp4
E23huNucEpPt19NCLTSOP5BIO,L5_6_Fezf2_Lrrk1_Pcp4
A04huNucEpPt19NCNeuNLTSOP1,L5_6_Fezf2_Lrrk1_Sema3e
H14huNucEpPt19NCNeuNLTSOP2,L2_Cux2_Lamp5
C12huNucEpPt19NCLTSOP1BIO,L3_Cux2_Prss12
F06huNucEpPt19NCNeuNLTSOP4,L5_6_Fezf2_Lrrk1_Sema3e
B24huNucEpPt19NCLTSOP5BIO,L3_Cux2_Prss12
C04huNucEpPt19NCNeuNLTSOP1,L2_3_Cux2_Frem3
H15huNucEpPt19NCLTSOP1BIO,L3_Cux2_Prss12
D06huNucEpPt19NCNeuNLTSOP4,L5_6_Fezf2_Lrrk1_Sema3e
E02huNucEpPt19NCNeuNLTSOP3,L5_6_Themis_Sema3a
D12huNucEpPt19NCLTSOP1BIO,L5_6_Fezf2_Lrrk1_Pcp4
E20huNucEpPt19NCLTSOP1BIO,L5_6_Fezf2_Lrrk1_Pcp4
G13huNucEpPt19NCLTSOP1BIO,L5_6_Fezf2_Tle4_Abo
B14huNucEpPt19NCNeuNLTSOP2,L5_6_Themis_Sema3a
F24huNucEpPt19NCLTSOP5BIO,L2_Cux2_Lamp5
G04huNucEpPt19NCLTSOP3BIO,L5_6_Themis_Ntng2
B22huNucEpPt19NCNeuNLTSOP3,L2_Cux2_Lamp5
E07huNucEpPt19NCNeuNLTSOP1,L2_3_Cux2_Frem3
D23huNucEpPt19NCLTSOP5BIO,L3_Cux2_Prss12
G14huNucEpPt19NCNeuNLTSOP2,L5_6_Fezf2_Lrrk1_Pcp4
B08huNucEpPt19NCNeuNLTSOP4,L5_6_Fezf2_Lrrk1_Pcp4
G18huNucEpPt19NCNeuNLTSOP2,L5_6_Fezf2_Lrrk1_Sema3e
B12huNucEpPt19NCLTSOP1BIO,L2_Cux2_Lamp5
B06huNucEpPt19NCLTSOP3BIO,L5_6_Fezf2_Lrrk1_Pcp4
B13huNucEpPt19NCLTSOP1BIO,L5_6_Fezf2_Lrrk1_Pcp4
C22huNucEpPt19NCNeuNLTSOP3,L5_6_Fezf2_Tle4_Scube1
F21huNucEpPt19NCNeuNLTSOP3,L5_6_Fezf2_Lrrk1_Sema3e
D06huNucEpPt19NCNeuNLTSOP1,L5_6_Themis_Ntng2
D19huNucEpPt19NCLTSOP1BIO,L3_Cux2_Prss12
D22huNucEpPt19NCNeuNLTSOP3,L2_Cux2_Lamp5
F15huNucEpPt19NCNeuNLTSOP2,L5_6_Themis_Sema3a
D11huNucEpPt19NCNeuNLTSOP1,L5_6_Fezf2_Lrrk1_Pcp4
E19huNucEpPt19NCNeuNLTSOP2,L2_Cux2_Lamp5
H16huNucEpPt19NCNeuNLTSOP2,L2_Cux2_Lamp5
F08huNucEpPt19NCNeuNLTSOP4,L5_6_Fezf2_Lrrk1_Pcp4
D16huNucEpPt19NCNeuNLTSOP2,L5_6_Fezf2_Tle4_Htr2c
G05huNucEpPt19NCNeuNLTSOP1,L5_6_Themis_Sema3a
C20huNucEpPt19NCLTSOP1BIO,L5_6_Themis_Sema3a
C20huNucEpPt19NCNeuNLTSOP2,L2_Cux2_Lamp5
C16huNucEpPt19NCNeuNLTSOP2,L5_6_Themis_Sema3a
D02huNucEpPt19NCNeuNLTSOP3,L2_Cux2_Lamp5
F08huNucEpPt19NCNeuNLTSOP1,L5_6_Fezf2_Lrrk1_Sema3e
E06huNucEpPt19NCLTSOP3BIO,L2_3_Cux2_Frem3
A12huNucEpPt19NCNeuNLTSOP2,L5_6_Themis_Sema3a
D12huNucEpPt19NCNeuNLTSOP2,L5_6_Fezf2_Lrrk1_Sema3e
D09huNucEpPt19NCNeuNLTSOP4,L5_6_Fezf2_Lrrk1_Sema3e
A11huNucEpPt19NCMGELTSOPX,L5_6_Fezf2_Lrrk1_Pcp4
C10huNucEpPt19NCLTSOP3BIO,L5_6_Fezf2_Lrrk1_Pcp4
C05huNucEpPt19NCNeuNLTSOP4,L5_6_Fezf2_Lrrk1_Pcp4
A04huNucEpPt19NCNeuNLTSOP4,L5_6_Fezf2_Tle4_Htr2c
H06huNucEpPt19NCNeuNLTSOP1,L5_6_Themis_Sema3a
G22huNucEpPt19NCLTSOP6BIO,L2_Cux2_Lamp5
A17huNucEpPt19NCLTSOP1BIO,L3_Cux2_Prss12
F22huNucEpPt19NCLTSOP6BIO,L3_Cux2_Prss12
G05huNucEpPt19NCLTSOP3BIO,L5_6_Themis_Ntng2
B12huNucEpPt19NCNeuNLTSOP2,L4_Rorb_Mme
A06huNucEpPt19NCNeuNLTSOP4,L5_6_Fezf2_Lrrk1_Pcp4
A07huNucEpPt19NCNeuNLTSOP4,L5_6_Fezf2_Lrrk1_Pcp4
D20huNucEpPt19NCLTSOP1BIO,L2_3_Cux2_Frem3
C12huNucEpPt19NCMGELTSOPX,L2_Cux2_Lamp5
A15huNucEpPt19NCLTSOP1BIO,L3_Cux2_Prss12
